pa,n.,爸
pace,v.,踱步於
pace,n.,步速;速度;進度
pacific,adj.,(大寫) 太平洋的; 愛好和平的; 溫和的;平靜的
pacific,n.,(大寫) 太平洋
pack,v.,包裝
pack,n.,一小包
package,v.,把...打包;包裝
package,n.,包裹
packet,n.,小包(裹);小捆;小袋
pact,n.,契約;協定
pad,v.,"填塞,襯填"
pad,n.,"墊,襯墊;護墊;鞍墊"
paddle,v.,用槳划(船)
paddle,n.,槳;(桌球的)球拍
page,n.,頁
pail,n.,桶;提桶
pain,v.,"使煩惱,使痛苦;使疼痛"
pain,n.,疼痛;痛苦
painful,adj.,痛的
paint,v.,畫圖;油漆
paint,n.,"油漆,塗料"
painter,n.,油漆匠;畫家
painting,n.,"油畫,水彩畫"
pair,v.,"成對,配對"
pair,n.,一副
pajamas,n.,睡衣
pal,n.,伙伴;好友
palace,n.,"皇宮,宮殿"
pale,adj.,蒼白的;黯淡的
palm,n.,"手掌,手心"
pamphlet,n.,小冊子
pan,n.,平鍋
pancake,n.,"薄煎餅,薄烤餅"
panda,n.,貓熊
pane,n.,窗玻璃片;窗格;嵌板
panel,n.,鑲板;壁板;專門小組
panic,v.,使恐慌
panic,n.,"恐慌,驚慌"
pants,n.,褲子
papa,n.,爸爸
papaya,n.,木瓜
paper,v.,"用紙包;掩蓋,粉飾"
paper,n.,紙張
parachute,v.,"傘降,跳傘"
parachute,n.,降落傘
parade,v.,在...遊行
parade,n.,"行列,遊行"
paradise,n.,樂園
paradox,n.,自相矛盾的議論
paragraph,n.,"(文章的)段,節"
parallel,adj.,"平行的,同方向的"
parallel,v.,與...平行;比得上
parallel,n.,平行線;平行面
paralyze,v.,使麻痺;使癱瘓
parcel,v.,分;分配
parcel,n.,"小包,包裹"
pardon,v.,寬恕
pardon,n.,"原諒,饒恕,寬恕;赦免"
parent,n.,雙親之一
park,v.,停放車輛; 放置
park,n.,公園
parliament,n.,"議會,國會"
parlor,n.,客廳;接待室
parrot,v.,機械地模仿
parrot,n.,鸚鵡
part,v.,"使分開,使分離;斷裂;告別"
part,n.,部份
partial,adj.,"部分的,局部的;不完全的"
participant,n.,關係者;參與者
participate,v.,"參加,參與"
participation,n.,參加
participle,n.,分詞
particle,n.,微粒;顆粒
particular,adj.,特殊的;
partly,adv.,部分地
partner,n.,夥伴
partnership,n.,合夥(或合作)關係
party,v.,開派對;參加派對
party,n.,派對
pass,v.,及格;經過;超過;傳遞
pass,n.,通行證;護照;及格;傳球動作;山隘
passage,n.,"通行;走廊,過道"
passenger,n.,乘客
passion,n.,"熱情,激情;酷愛"
passionate,adj.,熱情的;激昂的
passive,adj.,被動的;消極的
passport,n.,護照;通行證;執照
password,n.,密碼;口令;暗語
past,adj.,過去的
past,adv.,過;經過;越過
past,prep.,走過
past,n.,"過去,昔日;往事;經歷;過去式"
pasta,n.,麵糰
paste,v.,黏貼
paste,n.,漿糊
pastime,n.,消遣;娛樂
pastry,n.,酥皮點心
pat,v.,"輕拍,撫拍"
pat,n.,"輕拍,輕打"
patch,v.,補綴;修補;拼湊
patch,n.,補釘;補片;貼片
patent,adj.,專利的
patent,v.,取得...的專利權
patent,n.,專利;專利權
path,n.,小徑;路線
pathetic,adj.,可憐的;可悲的
patience,n.,耐心;忍耐;耐性;毅力
patient,adj.,"有耐心的,能忍受的"
patient,n.,病人
patriot,n.,愛國者
patriotic,adj.,愛國的
patrol,v.,巡邏;巡查
patrol,n.,巡邏;巡邏兵
patron,n.,贊助者;主顧(尤指老顧客)
pattern,v.,"仿造,模仿"
pattern,n.,圖案;模式
pause,v.,中止
pause,n.,"暫停,間歇;躊躇,猶豫"
pave,v.,"鋪,築(路等)"
pavement,n.,鋪築過的地面;人行道
paw,v.,(用腳爪等)抓;扒
paw,n.,腳爪;爪子
pay,v.,付錢
pay,n.,薪俸;報酬;報償;懲罰
payment,n.,"支付,付款"
pea,n.,豌豆
peace,n.,和平
peaceful,adj.,寧靜的;和平的
peach,n.,桃子
peacock,n.,孔雀;愛炫耀的人
peak,v.,使尖起;達到高峰;聳起
peak,n.,山頂;頂端
peanut,n.,花生;花生果;花生米
pear,n.,梨子
pearl,n.,珍珠
peasant,n.,農夫
pebble,n.,小卵石
peck,v.,琢;輕吻
peck,n.,啄;啄痕;輕吻
peculiar,adj.,奇怪的;乖癖的
pedal,v.,踩踏板
pedal,n.,踏板;腳蹬
peddle,v.,挨戶兜售;沿街叫賣
peddler,n.,小販
pedestrian,adj.,徒步的;行人的
pedestrian,n.,步行者;行人
peek,v.,偷看;窺視
peek,n.,偷偷看;一瞥
peel,v.,"削去;剝,去(皮,殼等)"
peel,n.,"(水果,蔬菜等的)皮;(對蝦等的)殼"
peep,v.,"窺,偷看"
peep,n.,窺視;偷看;一瞥
peer,v.,"凝視,盯著看"
peer,n.,"同輩,同事"
peg,v.,用木釘釘;用木夾夾
peg,n.,栓;樁;(曬衣用)衣夾;(木製)假腿
pen,v.,寫;寫作;囚禁
pen,n.,原子筆;墨水筆
penalty,n.,處罰;刑罰;罰款
pencil,v.,"草擬,起草"
pencil,n.,鉛筆
penetrate,v.,穿過;透過;識破;滲透入
penguin,n.,企鵝
peninsula,n.,半島
penny,n.,便士;一便士硬幣
pension,v.,發給...退休金(或養老金等)
pension,n.,退休金;養老金
people,v.,"使人住在,居住於"
people,n.,人們
pepper,v.,加胡椒粉於;使佈滿;嚴懲
pepper,n.,胡椒;辣椒
per,prep.,"經,由;每;按照"
perceive,v.,察覺;感知;意識到
percent,n.,百分之一
percentage,n.,"百分率,百分比"
perception,n.,感知;察覺;認知
perch,v.,(鳥)飛落;棲息;(在較高處)暫歇
perch,n.,(鳥類的)棲息處
perfect,adj.,完美的
perfect,v.,使完美;做完
perfect,n.,完成式
perfection,n.,完美;盡善盡美
perform,v.,"履行;執行;表演, 演奏"
performance,n.,演出;演奏;表演
performer,n.,演出者;演奏者;表演者
perfume,v.,使充滿香氣
perfume,n.,香水;香料
perhaps,adv.,或許;可能
peril,v.,使有危險;危及
peril,n.,(嚴重的)危險;危險的事物
period,n.,一段時間;一堂課
perish,v.,消滅;暴卒;枯萎
permanent,adj.,"永久的,永恆的;永遠的"
permissible,adj.,可允許的
permission,n.,"允許,許可,同意"
permit,v.,"允許,許可,准許"
permit,n.,"許可證,執照"
perseverance,n.,堅持不懈;堅忍不拔
persevere,v.,堅持不懈;不屈不撓
persist,v.,堅持;固執
persistence,n.,堅持;固執;持續
persistent,adj.,堅持不懈的;固執的;持續的
person,n.,人
personal,adj.,個人的
personality,n.,"人格,品格"
personnel,n.,(總稱)人員;員工;人事部門
perspective,adj.,"透視的,透視畫的"
perspective,n.,看法;遠景;前途;透視圖
persuade,v.,"說服,勸服"
persuasion,n.,"說服,勸說"
persuasive,adj.,有說服力的
pessimism,n.,悲觀;悲觀主義
pessimistic,adj.,悲觀的
pest,n.,",害蟲;有害的植物"
pesticide,n.,殺蟲劑
pet,v.,把...當作寵兒;寵愛;撫弄;生氣
pet,n.,寵物
petal,n.,花瓣
petroleum,n.,石油
petty,adj.,小的;瑣碎的;氣量小的
pharmacist,n.,配藥者;藥劑師
pharmacy,n.,製藥業;藥房
phase,v.,使定相;使同步;分階段實行
phase,n.,階段;相
phenomenon,n.,現象
philosopher,n.,哲學家
philosophical,adj.,哲學的
philosophy,n.,哲學
phone,v.,打電話
phone,n.,電話
photo,v.,給...拍照; 拍照;在照片上顯得
photo,n.,相片
photograph,v.,拍照
photograph,n.,照片
photographer,n.,"攝影師,照相師"
photographic,adj.,攝影(術)的;攝影用的
photography,n.,"照相術,攝影術"
phrase,v.,"用言語表達,用(詞)"
phrase,n.,"片語,詞組"
physical,adj.,身體的;物理學的
physician,n.,醫師
physicist,n.,物理學家
physics,n.,物理
pianist,n.,鋼琴家;鋼琴演奏者
piano,n.,鋼琴
pick,v.,採收;撿起;選
pick,n.,"精華,最好的部分;收穫(量)"
pickle,v.,醃製;將...做成泡菜
pickle,n.,醃黃瓜等的泡菜;鹽滷
pickpocket,n.,扒手
picnic,v.,"去野餐,參加野餐;在戶外用餐"
picnic,n.,野餐
picture,v.,"畫,拍攝;描述"
picture,n.,圖畫;照片
picturesque,adj.,圖畫般的;美麗的
pie,n.,派(食品)
piece,v.,拼湊;拼合;修理;修補
piece,n.,件;片
pier,n.,碼頭;防波堤
pierce,v.,刺穿;穿透
piety,n.,虔誠;孝順
pig,v.,生小豬;像豬一樣過活
pig,n.,豬
pigeon,n.,鴿子
pile,v.,堆起
pile,n.,一堆
pilgrim,n.,"香客,朝聖者"
pill,n.,"藥丸,藥片;(女用)口服避孕藥"
pillar,n.,柱子;棟樑
pillow,v.,枕著頭;靠
pillow,n.,枕頭
pilot,v.,駕駛(飛機等);帶領;引導
pilot,n.,(飛機等的)駕駛員
pimple,n.,丘疹;面皰
pin,v.,釘住;壓住;按住;把...歸罪於
pin,n.,大頭針;胸針
pinch,v.,擰;夾
pinch,n.,擰;夾;(一)撮
pine,n.,松樹
pineapple,n.,鳳梨
ping-pong,n.,"乒乓球,桌球"
pink,adj.,粉紅色的
pink,n.,粉紅色
pint,n.,品脫(英美容量或液量名)
pioneer,v.,"當先驅,成為開拓者"
pioneer,n.,拓荒者
pious,adj.,虔誠的;篤信的
pipe,v.,用管道輸送;吹奏管樂;尖聲叫嚷
pipe,n.,管子
pipeline,n.,導管;輸油管
pirate,v.,掠奪;剽竊
pirate,n.,海盜;劫掠者
piss,v.,小便
piss,n.,小便
pistol,v.,用手槍射擊
pistol,n.,手槍
pit,v.,使成凹;挖坑於
pit,n.,"窪坑,凹處;地窖"
pitch,v.,搭(帳篷);紮(營);為...定調
pitch,n.,投;投球;音高
pitcher,n.,大水罐;一壺的量;投手
pity,v.,憐憫;同情
pity,n.,憐憫;同情;憾事
pizza,n.,披薩
place,v.,"放置,安置;任命"
place,n.,地方
plague,n.,瘟疫;天災;禍患
plain,adj.,簡樸的;清楚的
plain,n.,平原
plan,v.,計劃
plan,n.,計畫
plane,n.,飛機
planet,n.,行星
plant,v.,栽種;播種
plant,n.,"植物,農作物;工廠"
plantation,n.,大農園;造林地
plastic,adj.,"可塑的,塑性的;整形的"
plastic,n.,塑膠;塑膠製品;信用卡
plate,v.,鍍;電鍍
plate,n.,盤;碟
platform,n.,月台;平台
play,v.,玩
play,n.,遊戲;戲劇
player,n.,遊戲者;運動者;表演者
playful,adj.,愛玩耍的;開玩笑的
playground,n.,遊樂場;運動場
playwright,n.,劇作家
plea,n.,請求;懇求
plead,v.,為(案件)辯護;懇求
pleasant,adj.,愉快的;美好的
please,v.,請;取悅
pleasure,n.,愉快
pledge,v.,保證給予;許諾;發誓
pledge,n.,保證;誓言;抵押
plentiful,adj.,"豐富的,充足的;多的"
plenty,adv.,"足夠,充分地"
plenty,n.,豐富;充足;大量
plight,n.,境況;困境
plot,v.,"密謀,策劃;標繪"
plot,n.,陰謀;標繪圖
plow,v.,犁;耕;開(路);破(浪)前進
plow,n.,犁;除雪機
pluck,v.,採;拔...的毛;扯
pluck,n.,(一)拉;(一)扯
plug,v.,"把...塞住,堵塞"
plug,n.,"塞子,栓;堵塞物"
plum,n.,洋李; 梅子
plumber,n.,"管子工,鉛管工"
plunge,v.,投入;將...插入;急降
plunge,n.,跳入;衝進;猛跌
plural,adj.,複數的
plural,n.,複數
plus,adj.,正的;外加的;有益的;陽性的;正電的
plus,prep.,加(上)
plus,n.,正號
pneumonia,n.,肺炎
poach,v.,水煮(蛋);偷獵;侵佔
poacher,n.,煮蛋用的鍋;蒸鍋;偷獵者
pocket,v.,侵吞;擊(球)落袋;忍受
pocket,n.,口袋
pocketbook,n.,錢包;皮夾子;袖珍本
poem,n.,詩
poet,n.,詩人
poetic,adj.,詩的;韻文的
poetry,n.,"詩,詩歌,韻文"
point,v.,瞄準;指出;強調;對準
point,n.,點;要點
poison,v.,"放毒,下毒"
poison,n.,毒物
poisonous,adj.,有毒的;有害的
poke,v.,戳;捅;撥弄
poke,n.,戳;捅;撥弄;慢性子的人
polar,adj.,北極的;南極的;截然對立的
pole,n.,柱;竿
police,v.,"管理,監督"
police,n.,警察
policeman,n.,"警察,警員"
policy,n.,政策;策略
polish,v.,"磨光,擦亮"
polish,n.,"磨光,擦亮"
polite,adj.,有禮貌的
political,adj.,政治的;政治上的
politician,n.,政客
politics,n.,"黨派關係,手腕,權術"
poll,v.,對...進行民意測驗
poll,n.,"民意測驗;投票,選舉"
pollutant,adj.,受污染的;造成污染的
pollutant,n.,污染物;污染源
pollute,v.,污染
pollution,n.,污染
pond,n.,池塘
ponder,v.,仔細考慮;衡量;回想
pony,n.,矮種馬;小馬
pool,v.,"合辦,聯營"
pool,n.,水池;美式撞球
poor,adj.,貧窮的
pop,n.,砰的一聲
pop,adj.,"通俗的,流行的"
pop,v.,發出砰(或啪)的響聲
pop,adv.,突然地
popcorn,n.,爆米花
popular,adj.,流行的;受歡迎的
popularity,n.,普及;流行;聲望
populate,v.,居住於;移民於
population,n.,人口
porcelain,n.,瓷;(總稱)瓷器
porch,n.,門廊;入口處;走廊
pork,n.,豬肉
port,n.,港
portable,adj.,手提式的;輕便的
porter,n.,"搬運工人,腳夫"
portion,v.,分配
portion,n.,(一)部分
portrait,n.,"肖像,畫像;相片"
portray,v.,畫;描寫
pose,v.,擺姿勢
pose,n.,姿勢;裝腔作勢
position,v.,把...放在適當位置
position,n.,位置
positive,adj.,正面的;確信的
positive,n.,正面;正數;正片;(電池的)陽極
possess,v.,"擁有,持有;具有"
possession,n.,擁有;佔有;所有物
possibility,n.,可能性
possible,adj.,可能的
post,v.,郵寄;登入(分類帳等);發表
post,n.,郵件;柱;樁;崗位;站;交易所
postage,n.,"郵資,郵費"
postcard,n.,明信片
poster,n.,"招貼,海報,廣告(畫)"
postpone,v.,"延遲,延緩"
postponement,n.,延期;延緩
posture,v.,擺出姿勢;故作姿態
posture,n.,姿勢;姿態
pot,v.,把...放在罐(或鍋)裡;亂射
pot,n.,罐;鍋
potato,n.,馬鈴薯
potential,adj.,"潛在的,可能的"
potential,n.,"可能性;潛力,潛能"
pottery,n.,陶器
poultry,n.,家禽
pound,v.,敲打;(心等)劇跳;腳步沈重地走
pound,n.,磅
pour,v.,"倒,灌,注"
poverty,n.,"貧窮,貧困"
powder,v.,變成粉末;搽粉
powder,n.,粉
power,v.,給...提供動力; 快速前進
power,n.,權力;動力
powerful,adj.,強有力的
practical,adj.,實用的
practice,v.,練習;訓練
practice,n.,練習
prairie,n.,大草原
praise,v.,讚美
praise,n.,"讚揚,稱讚"
pray,v.,禱告
prayer,n.,"祈禱,禱告"
preach,v.,佈道;說教
precaution,n.,謹慎;預防措施
precede,v.,處在...之前;(地位等)高於
precedent,n.,先例;慣例
precious,adj.,寶貴的
precise,adj.,精確的;準確的
precision,n.,精確(性);準確(性);清晰(性)
predecessor,n.,前任;祖先
predict,v.,預言;預料
prediction,n.,預言;預報
preface,v.,為...加序言(或開場白)
preface,n.,序言;緒言
prefer,v.,更喜歡
preferable,adj.,"更可取的,更合意的"
preference,n.,偏愛;優先(權)
pregnancy,n.,懷孕
pregnant,adj.,懷孕的
prehistoric,adj.,史前的;舊式的
prejudice,v.,使抱偏見;使懷成見
prejudice,n.,偏見;歧視
preliminary,adj.,預備的;初步的
preliminary,n.,初步;初試;預賽
premature,adj.,過早的;草率的;早產的
premier,adj.,首位的;最早的
premier,n.,首相;總理
preparation,n.,"準備,預備"
prepare,v.,準備
preposition,n.,介系詞;前置詞
prescribe,v.,規定;指定;開(藥方)
prescription,n.,指示;法規;處方
presence,n.,"出席,在場"
present,adj.,出席的;當前的;現在式的
present,v.,提出
present,n.,禮物
presentation,n.,"贈送;呈現;介紹,引見"
preservation,n.,維護;維持;保存;保藏;防腐
preserve,v.,"保存,保藏;防腐"
preside,v.,主持;管轄
presidency,n.,公司總裁(大學校長等)的職位
president,n.,校長;總統
presidential,adj.,總統的;總統選舉的
press,v.,"壓,擠;催逼"
press,n.,新聞輿論
pressure,v.,對...施加壓力;迫使
pressure,n.,壓力
prestige,n.,名望;聲望
presume,v.,假定;認為;擅自(做)
pretend,v.,佯裝;假裝
pretty,adj.,漂亮的
pretty,adv.,十分地
prevail,v.,勝過;優勝;流行
prevent,v.,"防止,預防"
prevention,n.,"預防,防止"
preventive,adj.,預防的;防病的
preventive,n.,預防法;預防措施;預防物
preview,v.,試演;試映
preview,n.,預習;預告片
previous,adj.,"先的,以前的"
prey,v.,捕食;掠奪
prey,n.,被捕食的動物;犧牲者
price,v.,給...定價
price,n.,價錢
priceless,adj.,無價的;稀世之珍的
prick,v.,刺(穿);扎(穿);使內心極度痛苦
prick,n.,刺;扎;刺傷;悔恨
pride,v.,"使得意,以...自豪"
pride,n.,"自豪,得意"
priest,n.,牧師;神父
primary,adj.,主要的;初級的
prime,adj.,最初的;原始的;基本的
prime,n.,"最初,初期"
primitive,adj.,原始的;遠古的;早期的
prince,n.,王子
princess,n.,公主
principal,adj.,"主要的,首要的;資本的,本金的"
principal,n.,(中小學)校長
principle,n.,主義;真諦
print,v.,印刷;用印刷體寫
print,n.,圖片印刷品;出版物
printer,n.,印表機;印刷業者
prior,adj.,在先的;在前的;居先的
prior,adv.,在前;居先
prior,n.,修道院院長或副院長
priority,n.,在先;重點;優先權
prison,n.,監獄
prisoner,n.,囚犯;俘虜
privacy,n.,"祕密,私下"
private,adj.,私人的
privilege,v.,給予...特權
privilege,n.,特權;優特
prize,v.,"重視,珍視;估價"
prize,n.,獎品
probable,adj.,很可能發生的
problem,n.,問題
procedure,n.,程序;手續;步驟
proceed,v.,"開始,著手"
process,v.,加工沖洗(膠卷)
process,n.,"過程,進程"
procession,n.,一(長)列;一(長)排;隊伍
produce,v.,製造;出產
produce,n.,農產品
producer,n.,"生產者,製造者製片人"
product,n.,產品
production,n.,製造;生產
productive,adj.,"生產的,生產性的"
productivity,n.,生產力;生產率
profession,n.,職業同行
professional,adj.,職業性的
professional,n.,"專家,內行"
professor,n.,教授
proficiency,n.,精通;熟練
profile,v.,畫側面像;描出輪廓;寫傳略
profile,n.,側影;輪廓;人物簡介
profit,v.,"得益,獲益"
profit,n.,"利潤,盈利;收益"
profitable,adj.,有利的
profound,adj.,深刻的;深度的
program,v.,為...安排節目;設計電腦程式
program,n.,節目
progress,v.,"前進;進行;上進,提高,進步"
progress,n.,進步
progressive,adj.,逐漸的
progressive,n.,革新主義者
prohibit,v.,禁止
prohibition,n.,禁止;禁令
project,v.,"計劃;企劃;突出,伸出;投射"
project,n.,計畫
projection,n.,規劃;投影;投射;預測
prolong,v.,延長;拉長;拖延
prominent,adj.,"卓越的,著名的"
promise,v.,答應
promise,n.,"承諾,諾言;希望,前途"
promising,adj.,"有希望的,有前途的"
promote,v.,推銷(商品等)
promotion,n.,"提升,晉級"
prompt,adj.,"敏捷的;即時的,即期的"
prompt,v.,提示
prompt,n.,催促;提醒
prone,adj.,有...傾向的;俯伏的
pronoun,n.,代名詞
pronounce,v.,發...音
pronunciation,n.,發音;發音法;讀法
proof,n.,證據;物證;證明
prop,v.,支撐;維持;架;擱
prop,n.,支柱;支撐物;後盾;道具
propaganda,n.,宣傳
propel,v.,推進;推動;驅策
propeller,n.,螺旋槳;推進器
proper,adj.,"適合的,適當的"
property,n.,"財產,資產"
prophet,n.,先知
proportion,v.,使成比例;使平衡;分攤
proportion,n.,比例;比率
proposal,n.,提議;計劃;提案
propose,v.,提議
prose,n.,散文;平凡
prosecute,v.,對...起訴;告發
prosecution,n.,起訴;告發
prospect,v.,勘探;找礦
prospect,n.,預期;前途;盼望的事物
prospective,adj.,預期的;盼望中的;未來的
prosper,v.,"繁榮,昌盛"
prosperity,n.,"興旺,繁榮,昌盛,成功"
prosperous,adj.,"興旺的,繁榮的,昌盛的"
protect,v.,保護
protection,n.,保護
protective,adj.,"保護的,防護的"
protein,n.,蛋白質
protest,v.,"抗議,反對"
protest,n.,"抗議,異議"
proud,adj.,感光榮的;驕傲的
prove,v.,"證明,證實"
proverb,n.,"諺語,俗語"
provide,v.,供應
province,n.,"省,州"
provincial,adj.,省的;鄉氣的
provincial,n.,地方居民;鄉下人
provoke,v.,對...挑釁;煽動;激怒
prowl,v.,(野獸等)四處覓食;徘徊
prowl,n.,四處覓食;徘徊
prune,v.,修剪;修整;修枝
prune,n.,梅乾;深紫紅色
psychological,adj.,"心理的,精神的"
psychologist,n.,心理學家
psychology,n.,心理學
pub,n.,酒吧
public,adj.,公開的;公立的
public,n.,"公眾,民眾"
publication,n.,"出版;發表,宣佈"
publicity,n.,名聲;宣傳
publicize,v.,宣傳;公佈;廣告
publish,v.,出版;發行;刊載
publisher,n.,出版商
pudding,n.,布丁
puff,v.,一陣陣地吹;喘氣;用粉撲施粉
puff,n.,(一)吹;粉撲;(奶油)鬆餅
pull,v.,拉
pull,n.,"拉,拖"
pulse,v.,搏動;跳動;振動
pulse,n.,脈搏;有節奏的跳動
pump,v.,跳動;使用唧筒
pump,n.,唧筒;打氣機;抽水機
pumpkin,n.,南瓜
punch,v.,用拳猛擊
punch,n.,"一種用酒,果汁,香料等調和的飲料"
punctual,adj.,準時的
punish,v.,處罰
punishment,n.,處罰;懲罰
pupil,n.,學生
puppet,n.,木偶;傀儡
puppy,n.,小狗
purchase,v.,"買,購買"
purchase,n.,所購之物
pure,adj.,純粹的
purify,v.,使純淨;淨化
purity,n.,純淨;清潔;純潔
purple,adj.,紫色的
purple,n.,紫色
purpose,n.,目的
purse,n.,錢包
pursue,v.,追求;從事
pursuit,n.,"追蹤,追擊"
push,v.,推開
push,n.,推;推進;奮發;緊迫
put,v.,放置
puzzle,v.,使迷惑
puzzle,n.,謎
pyramid,n.,(常大寫)金字塔;三角錐
quack,v.,(鴨)呱呱叫
quack,n.,鴨叫聲
quake,v.,顫抖;震動;搖晃
quake,n.,地震;顫抖;搖晃
qualification,n.,"資格,能力"
qualify,v.,使具有資格
quality,n.,品質
quantity,n.,量
quarrel,v.,爭吵
quarrel,n.,爭吵
quarrelsome,adj.,喜歡爭吵的
quart,n.,夸脫(=2 品脫)
quarter,v.,把...四等分;供...住宿;;駐紮
quarter,n.,?;美金25分;15分鐘
queen,n.,皇后
queer,adj.,古怪的;頭暈眼花的
quench,v.,壓制;抑制;解(渴);熄滅
query,v.,詢問;對...表示疑問
query,n.,質問;詢問
quest,n.,追求;探索
question,v.,詢問
question,n.,問題
questionnaire,n.,問卷;意見調查表
quick,adj.,快的
quick,adv.,"快,迅速地"
quiet,adj.,安靜的
quiet,v.,"使安靜;撫慰,安慰"
quiet,n.,安靜;寂靜;安穩;和平
quilt,v.,加軟襯料後縫製;東拼西湊地編(書)
quilt,n.,被(子);被褥
quit,v.,放棄;離職
quite,adv.,完全地;相當
quiver,v.,顫抖;抖動(翅膀等)
quiver,n.,顫抖;抖動;箭袋內的箭
quiz,v.,"挖苦,嘲弄;考問"
quiz,n.,小考
quotation,n.,引用;引證;引文
quote,v.,引用;引述
quote,n.,引文;報價
rabbit,n.,兔子
race,v.,與...賽跑
race,n.,競賽;(生物的)種類
racial,adj.,種族的
racism,n.,種族主義;種族歧視
rack,v.,把...放在架子上
rack,n.,掛物架;(行李)網架
radar,n.,雷達
radiant,adj.,光芒四射的;容光煥發的;發熱的
radiant,n.,"發光(或發熱)的物體,光點"
radiate,adj.,具輻射部的;輻射狀的
radiate,v.,(光、熱等)散發;輻射;煥發
radiation,n.,放射線
radiator,n.,散熱器
radical,adj.,基本的;徹底的
radical,n.,根部;基礎;基本原理
radio,v.,用無線電傳送
radio,n.,收音機
radish,n.,小蘿蔔
radius,n.,半徑
raft,v.,用筏子運送;划筏
raft,n.,筏子;橡皮艇
rag,n.,破布;抹布;破爛衣衫
rage,v.,"發怒,怒斥"
rage,n.,"狂怒,盛怒"
ragged,adj.,破爛的;不整潔的;參差不齊的
raid,v.,襲擊;劫掠
raid,n.,突然襲擊;劫掠
rail,n.,欄杆;扶手;鐵軌
railroad,n.,鐵路
rain,v.,下雨
rain,n.,雨
rainbow,n.,彩虹
rainfall,n.,"降雨,下雨;降雨量"
rainy,adj.,下雨的;多雨的
raise,v.,舉起;提高
raise,n.,加薪;賭注加碼
raisin,n.,葡萄乾
rally,v.,召集;團結;重新振作
rally,n.,大集會;重整旗鼓
ranch,v.,經營牧場(或農場)
ranch,n.,大牧場
random,adj.,胡亂的;隨機的
range,v.,排列
range,n.,範圍;等級;多爐爐灶
rank,v.,把...分等;把...評級
rank,n.,"等級;地位,身分"
ransom,v.,贖回;向...勒索贖金
ransom,n.,贖金
rapid,adj.,迅速的
rare,adj.,罕見的
rascal,n.,無賴;淘氣鬼
rash,adj.,輕率的;急躁的
rash,n.,疹子
rat,n.,老鼠
rate,v.,對...評價
rate,n.,比率;價格
rather,adv.,寧可;頗為
ratio,n.,比率;比例
rational,adj.,理性的;明事理的;合理的
rattle,v.,使發出咯咯聲;使驚惶失措
rattle,n.,咯咯聲;吵鬧聲
ravage,v.,蹂躪;使荒蕪
ravage,n.,"毀滅;蹂躪;劫掠;災害,災難"
raw,adj.,"生的,未煮過的;未加工的"
ray,n.,光線;輻射線
razor,n.,剃刀
reach,v.,到;伸出
reach,n.,可及之範圍
react,v.,作出反應
reaction,n.,"反應,感應"
read,v.,閱讀
ready,adj.,準備好的
ready,v.,"預先,事先;使準備好"
real,adj.,真實的
realism,n.,現實性;現實主義
realistic,adj.,現實的
reality,n.,現實;真實
realization,n.,領悟;體現
realize,v.,認知;實現
realm,n.,王國;國土;領土
reap,v.,收割;收穫
rear,adj.,"後面的,背後的"
rear,n.,"後部,後面"
reason,v.,"推論,推理"
reason,n.,理由
reasonable,adj.,"合理的,正當的"
rebel,v.,造反;反叛
rebel,n.,造反者;反抗者
rebellion,n.,反叛;反抗
recall,v.,回憶;使想起;召回
recall,n.,回想;收回
receipt,n.,"收據,收條"
receive,v.,收到
receiver,n.,"受領人;收件人,收款人"
recent,adj.,最近的
reception,n.,"接待,接見;接待處"
recession,n.,衰退
recipe,n.,食譜
recipient,adj.,接受的;受領的
recipient,n.,接受者
recite,v.,背誦;朗誦;詳述
reckless,adj.,不在乎的;魯莽的
reckon,v.,認為;把...看作;覺得;測量
recognition,n.,"認出,識別;承認"
recognize,v.,識別;認識;承認
recommend,v.,"推薦,介紹"
recommendation,n.,推薦;推薦信
reconcile,v.,和解;使一致;使安於
record,v.,記錄;錄音
record,n.,記錄;唱片
recorder,n.,錄影機;錄音機
recover,v.,尋回;恢復
recovery,n.,"恢復,復甦;復元,痊癒"
recreation,n.,消遣;娛樂
recreational,adj.,消遣的;娛樂的;休養的
recruit,v.,徵募;雇用;補充
recruit,n.,新兵;新手;補給品
rectangle,n.,長方形
recur,v.,再發生;再現
recycle,v.,回收
red,adj.,紅色的
red,n.,紅色
reduce,v.,減少;縮小;降低
reduction,n.,減少;削減
redundant,adj.,多餘的;過剩的
reef,n.,礁;暗礁
reel,v.,捲;繞
reel,n.,捲軸;捲筒;一捲
refer,v.,"論及,談到;參考"
referee,v.,為...擔任裁判;仲裁
referee,n.,裁判員;仲裁人
reference,n.,參考文獻;出處;提及
refine,v.,提煉;精鍊
refinement,n.,"優雅,高雅;提煉,精煉"
reflect,v.,"反射;照出,映出"
reflection,n.,反射;回響
reflective,adj.,反射的;沈思的;反映的
reform,v.,"改革,革新"
reform,n.,"改革,改良"
refresh,v.,使得到補充;更新
refreshment,n.,茶點;精力恢復
refrigerator,n.,電冰箱
refuge,n.,躲避;避難;避難所
refugee,n.,難民;流亡者
refund,v.,退還;歸還;償還
refund,n.,償還;退款
refusal,n.,拒絕
refuse,v.,拒絕
refute,v.,駁斥;反駁
regard,v.,把...看作;尊重
regard,n.,事項;問候
regarding,prep.,關於;就...而論
regardless,adj.,"不注意的,不留心的;不關心的"
regardless,adv.,無論如何
regime,n.,政體;政權
region,n.,"地區,地帶"
regional,adj.,"地區的,局部的"
register,v.,"註冊,申報"
register,n.,"登記,註冊"
registration,n.,"登記,註冊,掛號"
regret,v.,懊悔
regret,n.,"懊悔,悔恨;抱歉,遺憾;哀悼"
regular,adj.,通常的;定期的
regular,n.,正規兵;老客戶;長工;普通尺寸
regulate,v.,為...制訂規章;調節
regulation,n.,"規章;規則,規定;條例"
rehearsal,n.,"排練,試演;練習"
rehearse,v.,"排練,排演"
reign,v.,君臨;統治
reign,n.,統治;在位期間
rein,v.,(用韁繩)勒住;駕馭;控制
rein,n.,韁繩;駕馭;控制
reinforce,v.,增援;加強;加深
reject,v.,拒絕
rejection,n.,拒絕;退回
rejoice,v.,欣喜;慶祝
relate,v.,"有關,涉及"
relation,n.,"關係,關聯"
relationship,n.,"關係,關聯;人際關係"
relative,adj.,有關的;相對的
relative,n.,親戚
relax,v.,"使鬆弛,使鬆懈,放鬆"
relaxation,n.,"緩和,放寬,減輕"
relay,v.,轉達;轉播
relay,n.,轉達;轉播;接力賽跑
release,v.,"釋放,解放"
release,n.,"發行,發表;釋放,解放"
relevant,adj.,有關的;切題的
reliable,adj.,可信賴的;可靠的;確實的
reliance,n.,信任;依賴
relic,n.,遺物;遺風;遺跡
relief,n.,"緩和,減輕;解除"
relieve,v.,"緩和,減輕;解除"
religion,n.,宗教;宗教信仰
religious,adj.,宗教的;虔誠的
relish,v.,喜愛;愛好;加佐料
relish,n.,滋味;愛好;開胃食品
reluctant,adj.,不情願的;勉強的
rely,v.,"依靠,依賴"
remain,v.,"剩下,餘留"
remainder,n.,剩餘物;其餘的人;餘數
remark,v.,議論;評論
remark,n.,"言辭;談論,評論"
remarkable,adj.,非凡的;卓越的
remedy,v.,補救;糾正;去除(弊病等)
remedy,n.,治療;治療法;藥物
remember,v.,記得
remind,v.,提醒
reminder,n.,"提醒者,提醒物;催函"
remote,adj.,遙遠的;偏僻的
removal,n.,除去;免職
remove,v.,"移動,搬開"
renaissance,n.,文藝復興
render,v.,使得;使成為;提供
renew,v.,換新;修補
renowned,adj.,有名的;有聲譽的
rent,v.,租
rent,n.,"租金,租費"
rental,n.,租金;租賃;出租
repair,v.,修理
repair,n.,修理
repay,v.,償還;報答
repeat,v.,重複
repeat,n.,重複;重播;複寫;副本;
repetition,n.,重複;反覆
replace,v.,取代;以...代替
replacement,n.,取代;接替
reply,v.,回答
reply,n.,答覆
report,v.,報告;報導
report,n.,報告
reporter,n.,記者
represent,v.,象徵;表示
representation,n.,"代表,代理"
representative,adj.,"代表性的,典型的"
representative,n.,"代表,代理人"
repress,v.,抑制;鎮壓
reproduce,v.,繁殖;複製
reptile,adj.,爬行動物(似)的
reptile,n.,爬行動物;爬蟲類
republic,n.,共和國;共和政體
republican,adj.,共和政體的
republican,n.,共和主義者
reputation,n.,"名譽,名聲"
request,v.,請求給予
request,n.,"要求,請求"
require,v.,需要
requirement,n.,需要;必需品
rescue,v.,援救;營救
rescue,n.,援救;營救
research,v.,"調查,探究"
research,n.,"(學術)研究;調查,探究"
researcher,n.,研究員;調查者
resemblance,n.,相似
resemble,v.,"像,類似"
resent,v.,憤慨;怨恨
resentment,n.,憤慨;怨恨
reservation,n.,保留(意見);預訂的房間(或席座)
reserve,v.,"儲備,保存;保留"
reserve,n.,儲備(物);儲備金;保留(物);儲藏量
reservoir,n.,蓄水庫;貯水池
reside,v.,居住;駐在
residence,n.,住所;住宅
resident,adj.,"居住的,定居的;常駐的"
resident,n.,居民;住院醫生
residential,adj.,居住的;住宅的
resign,v.,"放棄,辭去"
resignation,n.,辭職;放棄
resist,v.,"抵抗,反抗;抗拒"
resistance,n.,"抵抗,反抗"
resistant,adj.,抵抗的
resolute,adj.,堅決的;不屈不撓的
resolution,n.,決心;決定;解決
resolve,v.,"解決,解答;使分解"
resolve,n.,"決心,決意;堅決,剛毅,果斷"
resort,v.,訴諸;憑藉
resort,n.,休閒度假之處;名勝
resource,n.,"資源;物力,財力"
respect,v.,尊敬
respect,n.,尊敬
respectable,adj.,值得尊敬的;體面的
respectful,adj.,恭敬的;尊敬人的
respective,adj.,分別的;各自的
respond,v.,"作答,回答"
response,n.,回答;答覆
responsibility,n.,責任
responsible,adj.,負責任的
rest,v.,休息
rest,n.,休息;靜止;安息;休止符;其餘
restaurant,n.,餐廳
restoration,n.,恢復;復辟;修復;重建;歸還
restore,v.,恢復
restrain,v.,抑制;約束
restraint,n.,克制;控制;管押
restrict,v.,限制;限定;約束
restriction,n.,限制;約束;限定;限制規定
restroom,n.,廁所
restroom,n.,廁所
result,v.,"發生,產生;結果;導致"
result,n.,結果
resume,v.,重新開始;繼續;恢復
resume,n.,(個人)簡歷
retail,adj.,零售的
retail,v.,以零售方式;以零售價格
retail,adv.,以零售方式;以零售價格
retail,n.,零售
retain,v.,"保留,保持"
retaliate,v.,報復
retire,v.,退休;退役
retirement,n.,退休
retort,v.,反駁;回嘴
retort,n.,回嘴;反駁
retreat,v.,"撤退,退卻"
retreat,n.,撤退
retrieve,v.,收回;檢索;使恢復
return,v.,回;還
return,n.,回答;收益;利息;來回票;退貨
reunion,n.,團聚;重聚
reveal,v.,"展現,顯露出"
revelation,n.,揭示;顯示;天啟
revenge,v.,替...報仇
revenge,n.,報仇;報復
revenue,n.,(國家的)歲入;稅收
reverse,adj.,顛倒的;相反的;反向的
reverse,v.,翻轉;倒退;反向
reverse,n.,相反;反面;反向
review,v.,溫習;回顧
review,n.,復習
revise,v.,校訂;更改
revision,n.,修訂;校訂;修正
revival,n.,甦醒;再生;復興
revive,v.,復甦;恢復生機;使甦醒
revolt,v.,反叛;起義;使反感
revolt,n.,反叛;起義;反感
revolution,n.,革命;循環
revolutionary,adj.,革命的
revolutionary,n.,革命者
revolve,v.,旋轉;自轉;以...為中心
reward,v.,酬謝;獎勵
reward,n.,報答;報償;獎賞
rhetoric,n.,修辭;修辭學;辭令
rhino,n.,犀牛
rhinoceros,n.,犀牛
rhyme,v.,押韻
rhyme,n.,"韻,韻腳"
rhythm,n.,節奏;韻律
rhythmic,adj.,有節奏的;有韻律的
rib,v.,裝肋於;嘲弄
rib,n.,肋骨;排骨
ribbon,n.,緞帶;絲帶
rice,n.,稻米;飯
rich,adj.,富有的
riches,n.,"財富,財產;富有,豐饒"
rid,v.,使免除;使擺脫;從...清除
riddle,n.,"謎,謎語"
ride,v.,騎;乘
ride,n.,搭乘;兜風
ridge,v.,使成脊狀
ridge,n.,屋脊;山脈;(狹長的)隆起部
ridicule,v.,嘲笑;戲弄
ridicule,n.,嘲笑;揶揄;奚落
ridiculous,adj.,"可笑的,荒謬的;滑稽的"
rifle,v.,"洗劫,劫掠"
rifle,n.,"步槍,來福槍"
right,adj.,右邊;對的
right,adv.,向右地;馬上
right,n.,公理;權利
rigid,adj.,堅硬的;嚴格的;死板的
rigorous,adj.,嚴格的;嚴厲的;嚴密的
rim,v.,形成邊緣;顯出邊緣
rim,n.,(尤指圓形物的)邊緣
ring,v.,"(鐘,鈴等)鳴,響"
ring,n.,指環;鈴聲
riot,v.,參加(或發動)暴亂;放縱
riot,n.,暴亂;騷亂;狂歡
rip,v.,撕;扯
rip,n.,裂口
ripe,adj.,成熟的
ripple,v.,起漣漪;(頭髮等)呈波狀
ripple,n.,漣漪;細浪;波紋
rise,v.,起身;升起
rise,n.,"(數量,程度等)增加,上漲;上升"
risk,v.,冒...的風險
risk,n.,"危險,風險"
rite,n.,儀式;慣例
ritual,adj.,(宗教)儀式的;典禮的
ritual,n.,儀式;典禮;老規矩
rival,v.,與...競爭;比得上
rival,n.,"競爭者,對手,敵手"
rivalry,n.,(競爭或對抗)行為
river,n.,河流
roach,n.,蟑螂
road,n.,道路
roam,v.,漫步;漫遊;流浪
roam,n.,漫步;漫遊;流浪
roar,v.,吼叫;大聲叫喊;狂笑
roar,n.,"吼,嘯;怒號;喧鬧聲"
roast,adj.,烘烤的
roast,v.,"烤,炙,烘"
roast,n.,烘烤;烤肉
rob,v.,搶劫
robber,n.,"搶劫者,強盜"
robbery,n.,搶劫;盜取;搶劫案
robe,v.,使穿上禮服
robe,n.,"長袍,浴衣,睡袍;學士服"
robin,n.,知更鳥
robot,n.,機器人
robust,adj.,強健的;健全的;結實的
rock,n.,岩石;搖滾樂
rock,v.,搖動
rocket,v.,用火箭運載;飛快行進
rocket,n.,"飛彈,火箭"
rocky,adj.,岩石的;多岩石的
rod,n.,"棒,桿,竿"
role,n.,角色
roll,v.,捲;滾
roll,n.,滾動;(一)捲;捲餅;隆隆聲;名單
romance,n.,"戀愛,風流韻事;愛情小說"
romantic,adj.,富於浪漫色彩的
romantic,n.,浪漫的人;愛幻想者
roof,v.,"給...蓋屋頂,覆蓋"
roof,n.,屋頂
room,v.,居住; 為...提供住處
room,n.,房間
rooster,n.,雄雞;狂妄自負的人
root,v.,使生根;使紮根
root,n.,根
rope,v.,"捆,紮,縛,綁"
rope,n.,粗繩
rose,n.,玫瑰
rot,v.,"腐爛,腐壞;腐朽,破損"
rot,n.,"腐爛,腐壞;腐敗,墮落"
rotate,v.,旋轉;輪流
rotation,n.,旋轉;自轉;輪流
rotten,adj.,腐爛的;發臭的
rough,adj.,粗糙的;表面不平的
rough,v.,"使不平,使粗糙;草擬;粗魯行事"
rough,adv.,"粗糙地,粗略地"
rough,n.,高低不平的地面;粗製品;梗概;草圖
roughly,adv.,粗糙地;粗暴地;大約
round,adj.,圓形的
round,v.,"變圓;發胖;兜圈子,環行"
round,adv.,"環繞地;循環地;在附近;逐一,挨次"
round,prep.,"圍繞,環繞;在...附近;大約"
round,n.,"一輪,一回合,一場,一局;圓形物"
route,v.,給...定路線
route,n.,路;路線;路程
routine,adj.,"日常的,例行的,常規的"
routine,n.,例行公事
row,v.,划船
row,n.,行列
royal,adj.,皇家的
royalty,n.,(總稱)皇族或王族;王位;專利權稅
rub,v.,磨擦
rub,n.,"摩擦,擦;阻難;疑難點"
rubber,n.,橡膠
rubbish,n.,垃圾;廢物
ruby,adj.,紅寶石色的
ruby,n.,紅寶石;暗紅色
rude,adj.,無禮的
rug,n.,小地毯;毛皮地毯
rugged,adj.,高低不平的;粗糙的;粗線條的
ruin,v.,毀滅
ruin,n.,毀滅;崩潰;廢墟;傾家蕩產
rule,v.,統治;裁決
rule,n.,規則
ruler,n.,尺;統治者
rumble,v.,(雷等)隆隆響;(車輛)轆轆行駛
rumble,n.,隆隆聲;轆轆聲
rumor,v.,謠傳;傳說
rumor,n.,"謠言,謠傳"
run,v.,跑
runner,n.,賽跑者;逃亡者
rural,adj.,農村的;田園的
rush,v.,催促;急送
rush,n.,急速行動;(交通等的)繁忙;搶購
rust,v.,生鏽
rust,n.,"鏽,鐵鏽"
rustle,v.,(樹葉;紙等)沙沙作響;使沙沙作響
rustle,n.,沙沙聲;窸窣聲
rusty,adj.,生鏽的
sack,n.,袋;粗布袋
sacred,adj.,神的;神聖的
sacrifice,v.,犧牲;獻出
sacrifice,n.,"牲禮,祭品"
sad,adj.,難過的
saddle,v.,給(馬背)裝鞍;使負擔
saddle,n.,馬鞍;(自行車、摩托車的)車座
safe,adj.,安全的
safe,n.,保險箱
safeguard,v.,保護;防衛
safeguard,n.,保護;防衛;預防措施
safety,n.,安全
sail,v.,航行
sail,n.,"帆,篷;帆狀物;船隻"
sailor,n.,水手
saint,v.,使成為聖徒
saint,n.,聖徒;道德崇高的人
sake,n.,理由;緣故;利益
salad,n.,沙拉
salary,v.,給...薪水
salary,n.,"薪資,薪水"
sale,n.,售賣;賤賣
salesman,n.,售貨員
salesperson,n.,"店員,售貨員"
saleswoman,n.,女店員;售貨員
salmon,adj.,"鮭肉色的,淺澄色的"
salmon,n.,鮭魚;鮭肉;鮭肉色
saloon,n.,(旅館;輪船等的)大廳;酒館
salt,adj.,"鹹水的;含鹽的;(故事,笑話等)猥褻的"
salt,v.,給...加鹽;用鹽醃
salt,n.,鹽
salty,adj.,有鹽分的;鹹味濃的
salute,v.,向...行禮;向...致敬
salute,n.,敬禮;致敬;致意
salvation,n.,拯救;救星;救世
same,adj.,相同的
same,adv.,同樣地
sample,v.,取...的樣品;抽樣檢查
sample,n.,樣品
sanction,v.,對...實施制裁
sanction,n.,國際制裁
sanctuary,n.,聖所;聖殿;庇護所
sand,v.,磨光;以沙堵塞
sand,n.,沙
sandal,n.,涼鞋;拖鞋
sandwich,v.,"將..夾在中間,擠進"
sandwich,n.,三明治
sane,adj.,神志正常的;頭腦清楚的
sanitation,n.,公共衛生;衛生設備
satellite,n.,衛星
satisfaction,n.,"滿意,滿足"
satisfactory,adj.,令人滿意的
satisfy,v.,使滿意
Saturday,n.,星期六
sauce,v.,給...加調味汁
sauce,n.,"調味醬,醬汁"
saucer,n.,淺碟
sausage,n.,"香腸,臘腸"
savage,adj.,野性的;兇猛的;殘酷的
savage,v.,兇猛地攻擊;激烈抨擊
savage,n.,野蠻人
save,v.,救;省;存錢
saving,n.,"挽救;節儉,節約;儲金"
saw,v.,鋸;鋸開
saw,n.,鋸子;鋸條
say,v.,說
scale,n.,尺度;等級;級別
scan,v.,細看;審視
scan,n.,掃描
scandal,n.,醜聞;醜事
scar,v.,結疤;留下傷痕
scar,n.,疤;(物品等的)損傷痕
scarce,adj.,缺乏的;不足的
scarcely,adv.,"幾乎不,幾乎沒有"
scare,v.,"驚嚇,使恐懼"
scare,n.,驚恐;驚嚇
scarecrow,n.,稻草人;威嚇物
scarf,n.,圍巾
scary,adj.,膽小的;提心吊膽的
scatter,v.,使分散;使潰散
scatter,n.,消散;分散
scene,n.,景色;場面
scenery,n.,風景
scenic,adj.,風景的;景色秀麗的
scent,v.,嗅;聞
scent,n.,氣味;香味;蹤跡
schedule,v.,安排;將……列入計畫（或時間）表
schedule,n.,清單;目錄;時間表;課程表
scheme,v.,"策劃,密謀"
scheme,n.,計劃;方案
scholar,n.,學者
scholarship,n.,獎學金
school,v.,"教育,訓練"
school,n.,學校
science,n.,科學
scientific,adj.,科學的
scientist,n.,科學家
scissors,n.,剪刀
scold,v.,"罵,責罵"
scold,n.,責罵
scoop,v.,用勺舀;挖空;挖出
scoop,n.,勺子;戽斗
scope,n.,範圍;領域
score,v.,得分
score,n.,得分; 二十; 刻痕; 樂譜
scorn,v.,輕蔑;藐視
scorn,n.,輕蔑;嘲笑
scout,v.,"偵察;搜索;嘲笑,嘲弄"
scout,n.,斥候;童子軍
scramble,v.,攀爬;雜亂蔓延;爭奪
scramble,n.,爬行;攀登;爭奪
scrap,v.,將...作為廢物;將...拆毀
scrap,n.,碎片;小塊;破爛
scrape,v.,刮;擦;勉強過日子
scrape,n.,刮;擦;擦傷;擦痕
scratch,v.,抓;搔
scratch,n.,抓痕;擦傷
scream,v.,尖叫;放聲大哭
scream,n.,尖叫;尖銳刺耳的聲音
screen,v.,篩選;放映電影
screen,n.,屏;銀幕
screw,v.,(用螺釘等)固定;扭歪(臉等)
screw,n.,"螺釘,螺絲釘"
screwdriver,n.,螺絲刀;螺絲起子
script,v.,把...改編為劇本
script,n.,筆跡;(戲劇、廣播等的)腳本
scroll,v.,使成卷形;用渦卷飾裝飾
scroll,n.,卷軸;渦卷形裝飾
scrub,v.,用力擦洗;揉
scrub,n.,"擦洗,擦淨"
sculptor,n.,雕刻家
sculpture,v.,雕刻
sculpture,n.,"雕刻品,雕塑品;雕"
sea,n.,海
seagull,n.,海鷗
seal,v.,"封,密封;蓋章"
seal,n.,"圖章,印信;封(印)"
search,v.,搜尋;搜查
search,n.,"搜查,搜尋;檢查;探索,調查"
season,n.,季節
seat,v.,使就座
seat,n.,座位
second,adj.,"第二的;次要的,副的,從屬的"
second,adv.,"居第二位;第二,其次"
second,n.,第二;秒
secondary,adj.,第二的;次要的
secret,adj.,"神祕的,奧祕的"
secret,n.,秘密
secretary,n.,秘書
section,v.,把...分成段(或組等);將...切片
section,n.,節;斷面
sector,n.,扇形;扇形面部分;部門
secure,adj.,安全的牢固的
secure,v.,把...弄牢;關緊
security,n.,"安全;保安;保障;證券,債券證券,債券"
seduce,v.,誘惑;引誘
see,v.,看見
seed,v.,"(植物)結實,結子;播種"
seed,n.,種子
seek,v.,尋覓
seem,v.,似乎是
seesaw,v.,玩蹺蹺板;上下(來回)搖動
seesaw,n.,蹺蹺板
segment,v.,分割;切成片
segment,n.,部分;部門;切片
seize,v.,抓住;捉住;沒收;扣押
seldom,adv.,很少地
select,adj.,精選的;卓越的
select,v.,挑選
selection,n.,"選擇;選拔;選集,文選"
selective,adj.,有選擇性的
self,n.,"自身,自己;自我"
selfish,adj.,自私的
sell,v.,賣
semester,n.,學期
seminar,n.,專題討論(課或會議)
senator,n.,參議員
send,v.,寄發;送
senior,adj.,年資較深的;四年級生的
senior,n.,資深人士;(大學)四年級生
sensation,n.,感覺;知覺;轟動
sense,v.,"意識到;了解,領會"
sense,n.,感官;官能
sensible,adj.,有知覺的;明顯的
sensitive,adj.,敏感的;易受傷害的
sensitivity,n.,敏感性;感受性
sentence,v.,宣判;判決
sentence,n.,句子
sentiment,n.,感情;情緒;感傷
sentimental,adj.,情深的;情感;多愁善感的
separate,adj.,"單獨的,個別的"
separate,v.,分隔
separation,n.,分開;分離
September,n.,九月
sequence,v.,排序
sequence,n.,連續;一連串;次序
serene,adj.,安詳的;寧靜的
serenity,n.,晴朗;平靜;沈著
sergeant,n.,中士;警官
series,n.,連續;系列
serious,adj.,嚴肅的;嚴重的;認真的
sermon,n.,佈道;說教
servant,n.,雇工
serve,v.,服務
server,n.,侍者;伺服器
service,v.,"維修,保養"
service,n.,服務
serving,n.,服務;侍候;(食物、飲料等)一份
session,n.,開庭;會期;講習會
set,v.,安放;沒入
set,n.,套;組
setback,n.,挫折;倒退
setting,n.,安裝;設定;鑲嵌;背景
settle,v.,安放;安頓;解決(問題等)
settlement,n.,解決;清算;定居
settler,n.,殖民者;開拓者
seven,adj.,七的
seven,n.,七
seventeen,adj.,十七的
seventeen,n.,十七
seventy,adj.,七十的
seventy,n.,七十
several,adj.,幾個的
severe,adj.,嚴重的;劇烈的
sew,v.,縫製;縫補
sewer,n.,污水管;下水道
sex,n.,性別;色情;性交;性慾;性感
sexual,adj.,兩性的;關於性關係的;性慾的
sexy,adj.,性感的
shabby,adj.,破爛的;破舊的;邋遢的
shade,v.,"遮蔽,蔽蔭"
shade,n.,蔭;陰涼處;陰暗
shadow,v.,使變暗;使陰鬱
shadow,n.,蔭;陰暗處;影子
shady,adj.,靠不住的;名聲不好的
shake,v.,搖動;握(手)
shake,n.,搖動;奶昔
shall,v.,將;應該
shallow,adj.,淺的
shame,v.,使感到羞恥
shame,n.,"羞恥(心),羞愧(感)"
shameful,adj.,"可恥的,丟臉的"
shampoo,v.,洗(頭髮);洗(地毯等)
shampoo,n.,洗髮精
shape,v.,"使成形;塑造,製作"
shape,n.,形狀
share,v.,分享
share,n.,股份;市場佔有率;分攤;貢獻
shark,n.,鯊魚
sharp,adj.,尖銳的;敏銳的
sharp,adv.,整(指時刻);銳利地;機警地
sharpen,v.,"削尖,磨快"
shatter,v.,粉碎;砸碎
shave,v.,刮(鬍子等);修剪
shave,n.,"剃刀,刮鬍刀;修面"
shaver,n.,理髮師
shed,v.,流出;毛髮等脫落;蛻(殼等)
shed,n.,分水嶺;小屋;堆房
sheep,n.,綿羊
sheer,adj.,全然的;(紡織物)極薄的;陡峭的
sheer,adv.,全然;十足地;陡峭地
sheet,n.,一張(紙);床單
shelf,n.,架子
shell,v.,剝...的殼;砲轟;射擊
shell,n.,"殼,果殼;貝殼"
shelter,v.,遮蔽;庇護
shelter,n.,遮蓋物;避難所
shepherd,n.,牧羊人
sheriff,n.,警長
shield,v.,保護;庇護;掩蓋
shield,n.,盾;保護者;擋板
shift,v.,轉移;移動
shift,n.,移動
shilling,n.,先令
shine,v.,照耀
shine,n.,"光,光亮;光澤;擦亮;陽光,晴天"
shiny,adj.,晴朗的;有光澤的
ship,v.,"用船運;郵寄;解雇;上船,乘船"
ship,n.,船
shirt,n.,襯衫
shiver,v.,發抖;打顫
shiver,n.,顫抖;寒顫
shock,v.,使震動
shock,n.,震驚
shocked,adj.,震驚的
shoe,n.,鞋子
shoot,v.,注射;射擊;拍攝
shoot,n.,"幼芽,幼枝;狩獵(隊);射擊;拍攝"
shop,v.,購物
shop,n.,商店
shoplift,v.,冒充顧客在商店內偷竊
shore,n.,岸邊
short,adj.,矮的;短的
shortage,n.,"缺少,不足,匱乏"
shortcoming,n.,"缺點,短處"
shorten,v.,使變短;縮短
shortly,adv.,"立刻,馬上;簡短地,扼要地"
shorts,n.,短褲
shortsighted,adj.,"近視的;目光短淺的,缺乏遠見的"
shot,n.,"射擊,開槍;投籃;拍攝"
shoulder,v.,"肩起,挑起;擔負,承擔"
shoulder,n.,肩膀
shout,v.,呼叫
shout,n.,呼喊;喊叫聲
shove,v.,推;撞;亂塞
shove,n.,推;撞
shovel,v.,用鐵鍬挖
shovel,n.,"鏟子,鐵鍬"
show,v.,表演;顯示
show,n.,展覽;電影
shower,v.,傾注;洗淋浴
shower,n.,陣雨;淋浴
shred,v.,切成條狀;用碎紙機撕毀(文件)
shred,n.,碎片;碎條;破布
shrewd,adj.,精明的;狡猾的;機靈的
shriek,v.,尖叫;發出尖聲
shriek,n.,尖叫聲
shrimp,n.,蝦子
shrine,n.,聖壇;神殿
shrink,v.,"縮短,皺縮"
shrub,n.,矮樹;灌木
shrug,v.,聳(肩)
shrug,n.,聳肩
shudder,v.,發抖;戰慄
shudder,n.,發抖;戰慄
shun,v.,躲開;迴避
shut,v.,關閉
shutter,v.,為...裝遮板(或快門等);關(店)
shutter,n.,關閉物;活動遮板;(相機的)快門
shuttle,v.,短程穿梭般運送
shuttle,n.,(織機的)梭;短程運行的車輛
shy,adj.,害羞的
sick,adj.,生病的
side,n.,邊
sidewalk,n.,路邊行人道
siege,n.,圍攻;包圍;圍城
sigh,v.,"嘆氣,嘆息"
sigh,n.,"嘆氣,嘆息"
sight,v.,"看見,發現;瞄準;察看"
sight,n.,視力;景象
sightseeing,n.,"觀光,遊覽"
sign,v.,簽字;做信號
sign,n.,記號
signal,v.,"發信號,打信號"
signal,n.,信號;暗號;交通指示燈
signature,n.,"簽名,簽署"
significance,n.,"重要性,重要"
significant,adj.,有意義的
signify,v.,表示...的意思;意味著
silence,v.,使沈默;使啞口無言;使安靜
silence,n.,寂靜
silent,adj.,寂靜的
silicon,n.,矽
silk,n.,"蠶絲,絲;絲織物(品),綢布"
silkworm,n.,蠶
silly,adj.,傻的;無聊的
silver,adj.,銀的;銀白的
silver,n.,銀
similar,adj.,相似的
similarity,n.,類似;相似
simmer,v.,煨;燉;(危機等)即將爆發
simmer,n.,即將沸騰(或爆發)的狀態
simple,adj.,簡單的
simplicity,n.,簡單;單純
simplify,v.,"簡化,精簡;使單純;使平易"
simply,adv.,"簡單地,簡易地;簡明地;只不過"
simultaneous,adj.,同時發生的;同步的
sin,v.,犯(罪)
sin,n.,"罪孽,罪惡"
since,adv.,"此後;之前,以前"
since,prep.,由於;自從...之後
since,conj.,自...以來;因為
sincere,adj.,誠懇的
sincerity,n.,真實;誠心誠意
sing,v.,唱歌
singer,n.,歌手
single,adj.,單一的;獨身的
single,v.,"選出,挑出;擊出一壘安打"
single,n.,單的;一壘安打
singular,adj.,單數的;獨個的
singular,n.,單數
sink,v.,沉下;陷於
sink,n.,洗物槽
sip,v.,啜飲
sip,n.,一小口
sir,n.,先生
sister,n.,姊妹
sit,v.,坐
site,v.,為...選址;設置
site,n.,"地點,場所"
situation,n.,"處境,境遇"
six,adj.,六的
six,n.,六
sixteen,adj.,十六的
sixteen,n.,十六
sixty,adj.,六十的
sixty,n.,六十
size,v.,按一定尺寸製作;估算
size,n.,大小;尺寸
skate,v.,溜冰
skate,n.,冰鞋
skeleton,n.,骨骼;骨瘦如柴的人(或動物);概略
skeptical,adj.,懷疑的;多疑的
sketch,v.,寫生;速寫;為...繪草圖
sketch,n.,"速寫,素描"
ski,v.,滑雪
ski,n.,滑雪屐
skill,n.,技能
skilled,adj.,熟練的;有技能的
skillful,adj.,"有技術的, 熟練的"
skim,v.,"去,去除;瀏覽,略讀"
skim,n.,掠過
skin,v.,植皮;癒合;脫皮
skin,n.,皮膚
skinny,adj.,很瘦的
skip,v.,略過;漏掉
skip,n.,省略
skirt,v.,"繞開,避開"
skirt,n.,裙子
skull,n.,頭骨;骷髏畫
sky,n.,天空
skyscraper,n.,摩天樓
slam,v.,猛地關上;砰地放下;打成滿貫
slam,n.,砰然聲;(撲克牌的)滿貫
slang,v.,"用粗話罵;欺騙,詐取"
slang,n.,slang
slap,v.,摑...耳光;侮辱
slap,adv.,砰地;猛然地
slap,n.,摑;侮辱
slash,v.,(用刀;劍等)砍;大幅度削減
slash,n.,猛砍;亂砍;大幅度削減
slaughter,v.,屠宰;屠殺
slaughter,n.,屠宰;大屠殺
slave,v.,奴隸般工作;苦幹
slave,n.,奴隸
slavery,n.,奴隸身分;奴役
slay,v.,殺死;殺害
sled,v.,乘雪橇
sled,n.,平底雪橇
sledge,v.,乘雪橇
sledge,n.,雪橇
sleep,v.,睡覺
sleep,n.,睡眠;死亡;冬眠
sleepy,adj.,想睡的
sleeve,n.,袖子;袖套
sleigh,v.,駕雪橇;用雪橇運輸
sleigh,n.,(輕便)雪橇
slender,adj.,纖細的
slice,v.,切成薄片
slice,n.,薄片
slide,v.,滑壘滑動
slide,n.,滑梯;土崩
slight,adj.,輕微的;微小的
slight,v.,輕視;藐視
slight,n.,輕蔑;怠慢
slim,adj.,細長的;微小的
slim,v.,"減肥;減少,縮減"
slip,v.,滑動;鬆脫
slip,n.,滑跤
slipper,n.,拖鞋
slippery,adj.,容易滑的;不明確的
slogan,n.,"口號,標語"
slope,n.,傾斜;坡度
sloppy,adj.,懶散的;草率的
slot,v.,開狹長的孔;把...納入序列中
slot,n.,狹長孔;投幣口;位置;吃角子老虎
slow,adj.,緩慢的
slow,v.,"使慢,放慢"
slow,adv.,慢慢地;遲遲地;慢了地
slum,v.,去貧民窟
slum,n.,貧民窟;陋巷
slump,v.,(沈重地)倒下;(經濟)衰落
slump,n.,暴跌;不景氣;消沈
sly,adj.,狡猾的
smack,v.,略有滋味;掌摑;咂(嘴);響吻
smack,adv.,猛然地;砰然作聲地;不偏不倚地
smack,n.,滋味;少許;掌摑;咂嘴(聲);響吻
small,adj.,小的
small,adv.,"小聲地;小小地,細小地"
small,n.,細小的部分;小件物品
smallpox,n.,天花
smart,adj.,聰明的
smash,v.,粉碎;瓦解;殺球
smash,n.,粉碎;瓦解;(演出等的)成功
smell,v.,聞
smell,n.,"氣味;香味;臭味;嗅覺;一嗅,一聞;少許;跡象,影蹤"
smile,v.,微笑
smile,n.,微笑
smog,n.,煙霧
smoke,v.,抽煙;冒煙
smoke,n.,煙
smooth,adj.,"平滑的,光滑的;平坦的"
smooth,v.,"光滑地,平滑地"
smother,v.,使窒息;悶住(火);扼殺
smother,n.,窒息狀態
smuggle,v.,走私
snack,v.,吃快餐;吃點心
snack,n.,點心
snail,n.,蝸牛
snake,v.,蛇行
snake,n.,蛇
snap,v.,突然折斷;用快照拍攝
snap,n.,猛咬;突然折斷;劈啪聲;快照;活力
snare,v.,(用陷阱等)捕捉;誘...入圈套
snare,n.,(捕捉鳥、獸的)陷阱;圈套
snarl,v.,吠;咆哮;纏結
snarl,n.,吠;咆哮;纏結
snatch,v.,奪走;抓住
snatch,n.,奪取;抓走
sneak,v.,"偷偷地走,溜"
sneak,n.,"溜走,不告而別"
sneaker,n.,運動鞋
sneaky,adj.,鬼鬼祟祟的
sneer,v.,輕蔑地笑;譏諷
sneer,n.,冷笑;嘲笑
sneeze,v.,打噴嚏
sneeze,n.,噴嚏
sniff,v.,嗅;用力吸;抽鼻涕
sniff,n.,嗅;聞;吸氣聲
snore,v.,打鼾
snore,n.,打鼾;鼾聲
snort,v.,噴鼻息;輕蔑(或憤怒)地哼
snort,n.,噴鼻息;噴氣聲
snow,v.,下雪
snow,n.,雪
snowy,adj.,似雪的;多雪的
so,adv.,這麼;也如此
so,conj.,因此
soak,v.,浸泡;使濕透
soak,n.,浸泡;浸漬
soap,v.,用肥皂擦洗;向...灌迷魂湯
soap,n.,肥皂
soar,v.,往上飛舞;翱翔;暴漲
sob,v.,嗚咽;啜泣
sob,n.,"嗚咽(聲),啜泣(聲)"
sober,adj.,清醒的;沒喝醉的;嚴肅的
sober,v.,使醒酒;使清醒;變得嚴肅
soccer,n.,足球
sociable,adj.,好交際的;善交際的
social,adj.,社會的;交際的
socialism,n.,社會主義
socialist,n.,社會主義者
socialize,v.,交際;社會主義化
society,n.,社會
sociology,n.,社會學
sock,n.,短襪
socket,n.,插座;插口
soda,n.,蘇打;汽水
sodium,n.,鈉
sofa,n.,沙發
soft,adj.,柔軟的
soften,v.,使變柔軟;使變和藹
software,n.,軟體
soil,v.,弄髒
soil,n.,"土,泥土,土壤"
solar,adj.,太陽的;日光的
soldier,n.,軍人
sole,adj.,單獨的;唯一的
sole,v.,給(鞋等)裝底(或換底)
sole,n.,腳底;鞋底;襪底;底部;比目魚
solemn,adj.,嚴肅的;莊嚴的;鄭重的
solid,adj.,結實的;堅固的
solidarity,n.,團結一致
solitary,adj.,單獨的;唯一的;隱居的
solitary,n.,獨居者;隱士
solitude,n.,孤獨;隱居
solo,v.,單獨地; 單獨表演;單飛
solo,adv.,單獨地
solo,n.,獨奏(曲);獨唱(曲);單飛
solution,n.,解答;溶劑
solve,v.,解決
some,adj.,一些的
somebody,n.,某人;有名氣的人
someday,adv.,將來有一天
somehow,adv.,不知怎麼的
someone,n.,某人;有名氣的人
something,n.,某人;某事;重要的人(或事物);
sometime,adv.,"某一時候;日後,改天"
sometimes,adv.,有時候
somewhat,adv.,"有點,稍微"
somewhere,adv.,在某處
son,n.,兒子
song,n.,歌曲
soon,adv.,即刻;不久
soothe,v.,安慰;哄;減輕
sophisticated,adj.,老於世故的;精通的;精密的
sophomore,n.,(大學;高中的)二年級學生
sore,adj.,疼痛的
sore,n.,"痛處;瘡,潰瘍;傷心事"
sorrow,v.,感到悲傷;懊悔;遺憾
sorrow,n.,"悲痛,悲哀,悲傷,憂傷"
sorrowful,adj.,悲傷的;令人傷心的
sorry,adj.,抱歉;遺憾的
sort,v.,把...分類
sort,n.,類型;排序
soul,n.,靈魂
sound,adj.,"完好的;堅固的;合理的,明智的;殷實的"
sound,v.,聽起來
sound,n.,聲音
soup,n.,湯
sour,adj.,酸的
sour,v.,使變酸;厭煩;變壞
sour,n.,酸味;酸的東西
source,n.,源頭
south,adj.,南方的
south,adv.,向南方
south,n.,南方
southern,adj.,南方的;向南方的
souvenir,n.,"紀念品,紀念物"
sovereign,adj.,最高統治者的;具有獨立主權的
sovereign,n.,君主;元首;主權國家
sovereignty,n.,統治權;主權;主權國家
sow,v.,播(種)
soy,n.,醬油;大豆
soybean,n.,大豆
space,v.,隔開
space,n.,空位;太空
spacecraft,n.,"太空船,航天器"
spaceship,n.,太空船
spacious,adj.,寬敞的;廣闊的
spade,n.,鏟;鍬
spaghetti,n.,義大利麵條
span,v.,跨越;在...架橋
span,n.,礅距;跨度;一段時間
spare,adj.,"多餘的,剩下的;空閒的"
spare,v.,"分出,騰出(時間,人手)"
spare,n.,備用品;備用零件
spark,v.,發動;點燃
spark,n.,"火花,火星"
sparkle,v.,發火花;閃耀;煥發
sparkle,n.,"火花;閃耀,閃光"
sparrow,n.,麻雀
speak,v.,說;講
speaker,n.,演講者;揚聲器
spear,v.,"刺,戳"
spear,n.,矛;魚叉
special,adj.,特別的
specialist,n.,專家;專科醫生
specialize,v.,專攻;專門從事
specialty,n.,專業;專長
species,n.,種類;種
specific,adj.,"特殊的,特定的"
specify,v.,具體指定;詳細指明
specimen,n.,樣品;標本
spectacle,n.,景象;奇觀;壯觀
spectacular,adj.,壯觀的;壯麗的
spectacular,n.,奇觀;壯觀
spectator,n.,旁觀者;目擊者
spectrum,n.,光譜;頻譜
speculate,v.,推測;投機;推斷
speech,n.,言論;演講
speed,v.,加速;促進
speed,n.,速度
spell,v.,拼字
spelling,n.,拼字;拼寫;拼法
spend,v.,花費(錢或時間)
sphere,n.,球;球體;球形
spice,v.,加香料於
spice,n.,"香料,調味品;少許,一點"
spicy,adj.,辛辣的;痛快的
spider,n.,蜘蛛
spike,v.,用大釘釘牢;用尖物刺穿
spike,n.,牆頭釘;尖鐵;釘鞋;細高跟
spill,v.,使溢出;使濺出;使散落
spill,n.,溢出;濺出;散落
spin,v.,使(陀螺等)旋轉
spin,n.,旋轉;自旋
spinach,n.,菠菜
spine,n.,脊柱;書脊;骨氣
spiral,adj.,螺旋(形)的;盤旋的
spiral,v.,盤旋;成螺旋形
spiral,n.,螺旋(形);盤旋
spire,v.,螺旋形上升;發芽
spire,n.,尖塔;尖頂
spirit,n.,精神
spiritual,adj.,心靈的;崇高純潔的
spit,v.,吐(唾液等)
spit,n.,"唾液,口水"
spite,n.,"惡意,心術不良"
splash,v.,"濺,潑"
splash,n.,濺潑聲
splendid,adj.,燦爛的;傑出的
splendor,n.,光輝;壯觀;輝煌
split,v.,劈開;切開
split,n.,分裂;分割
spoil,v.,"寵壞,溺愛"
spokesman,n.,"發言人,代言人"
spokesperson,n.,發言人
spokeswoman,n.,女發言人
sponge,v.,(用海綿)揩拭;海綿般地吸收
sponge,n.,海綿;海綿狀物
sponsor,v.,發起;主辦;倡議;贊助
sponsor,n.,發起者;主辦者
spontaneous,adj.,自發的;自然的
spoon,v.,用匙舀;舀取
spoon,n.,湯匙
sport,v.,"炫耀;誇示;遊戲,;開玩笑,嘲弄;突變"
sport,n.,消遣;運動;突變
sportsman,n.,運動家;願意冒險的人
sportsmanship,n.,"運動員精神,運動道德"
sportswoman,n.,女運動家
spot,v.,沾污;察出
spot,n.,斑點;場所
spotlight,v.,聚光照明;使公眾注意
spotlight,n.,聚光燈;公眾注意的中心
spouse,n.,配偶
sprain,v.,扭;扭傷
sprain,n.,扭傷
sprawl,v.,伸開四肢躺(或爬);蔓生
sprawl,n.,伸開四肢的躺臥姿勢;蔓生
spray,v.,"噴灑,噴塗"
spray,n.,浪花;噴霧
spread,v.,展開;散布
spread,n.,蔓延;普及;價格差異
spring,v.,彈開;湧現;源(於)
spring,n.,春天;泉
sprinkle,v.,"灑,噴淋;撒"
sprinkle,n.,稀疏小雨
sprint,v.,奮力而跑;衝刺
sprint,n.,全速疾跑;短距離賽跑
spur,v.,用靴刺踢;鞭策;鼓勵
spur,n.,踢馬刺;激勵;(雞等的)距;骨刺
spy,v.,暗中監視
spy,n.,間諜
squad,n.,班;小隊;小組
square,adj.,正方形的
square,n.,正方形
squash,v.,把...壓扁(壓碎);鎮壓
squash,n.,擠壓;壓碎的東西;南瓜
squat,adj.,蹲著的;矮胖的
squat,v.,蹲坐;蜷伏
squat,n.,蹲坐;蜷伏
squeeze,v.,"榨,擠,壓"
squeeze,n.,榨;壓榨
squirrel,n.,松鼠
stab,v.,"刺,戳"
stab,n.,"刺,戳;刺破的傷口"
stability,n.,穩定;穩定性;安定
stabilize,v.,使穩定;使穩固
stable,adj.,"穩定的,牢固的"
stack,v.,把...疊成堆;堆放
stack,n.,乾草堆;一疊;煙囪
stadium,n.,"體育場,運動場;球場;競技場"
staff,v.,給...配備職員
staff,n.,(全體)職員;幕僚
stage,v.,上演;籌劃;發動
stage,n.,舞臺;(進展的)階段
stagger,v.,搖搖晃晃;蹣跚而行
stagger,n.,搖晃;蹣跚
stain,v.,沾污;染污;染色
stain,n.,污點;色斑;染色劑
stair,n.,梯級;樓梯
stake,v.,"把...押下打賭,拿...冒險"
stake,n.,股本;賭金;危險
stale,adj.,不新鮮的;污濁的;陳舊的
stalk,v.,偷偷靠近;追蹤
stalk,n.,悄悄的追蹤;莖;柄
stall,v.,把...關入畜舍;使拋錨;支吾;拖延
stall,n.,廄;攤位;(汽車的)拋錨
stammer,v.,口吃;結結巴巴地說話
stammer,n.,口吃;結巴
stamp,v.,頓足;蓋印
stamp,n.,郵票;印章
stand,v.,站住; 堅持; 面對; 承擔...任務
stand,n.,"攤子;停止,站立； 立場;態度"
standard,adj.,一般性的
standard,n.,標準
stanza,n.,詩的一節
staple,v.,用U形釘固定;用釘書針釘
staple,n.,U形釘;釘書針;日常必需品
stapler,n.,釘書機
star,v.,主演;表現出色
star,n.,星星;明星
starch,v.,給(衣服等)上澱粉漿
starch,n.,澱粉
stare,v.,"盯,凝視"
stare,n.,"凝視,注視"
start,v.,開始
start,n.,出發;開端;啟動
startle,v.,使驚嚇;使驚奇
starvation,n.,飢餓;挨餓
starve,v.,餓死;餓得慌;渴望
state,v.,陳述
state,n.,狀態；美國的州
statement,n.,"陳述,說明;結單"
statesman,n.,政治家
station,v.,"駐紮,部署,配置"
station,n.,車站;場所
stationary,adj.,不動的;定居的
stationery,n.,文具
statistic,n.,統計量;統計數值
statistical,adj.,統計的;統計學的
statue,n.,"雕像,塑像"
stature,n.,身高;高度
status,n.,"狀況,狀態"
stay,v.,停留
stay,n.,"停留,逗留;停止;延後;持續力"
steady,adj.,"穩固的,平穩的"
steady,v.,使穩固;使穩定
steady,adv.,穩固地;穩定地
steady,n.,(關係確定的)情侶;固定支架
steak,n.,牛排
steal,v.,偷竊
steam,v.,蒸
steam,n.,蒸氣
steamer,n.,汽船;蒸鍋;蒸籠
steel,v.,鋼化;給...包上鋼
steel,n.,"鋼,鋼鐵"
steep,adj.,陡峭的
steer,v.,"掌(船)舵,駕駛"
steer,n.,"指點,建議"
stem,v.,"起源於,由...而造成"
stem,n.,"莖,(樹)幹,(葉)柄"
step,v.,跨(步);踏(腳)
step,n.,步;臺階
stepchild,n.,繼子(或繼女)
stepfather,n.,"繼父,後父"
stepmother,n.,"繼母,後母"
stereo,n.,立體音響裝置
stereotype,v.,使成為陳規;把...澆鑄成鉛板
stereotype,n.,陳規;鉛版印刷
stern,adj.,嚴厲的;堅定的
stew,v.,(用文火)燉;使極度不安;悶熱冒汗
stew,n.,燉肉;燜菜;燉煮的食物
steward,n.,男服務員;管家
stewardess,n.,(客機、輪船)女服務員
stick,v.,黏貼;刺;戮;釘住;插牢;堅持
stick,n.,棍;棒;杖;枝條
sticky,adj.,黏的;塗有黏膠物質的;泥濘的
stiff,adj.,"硬的;挺的;拘謹的,不自然的"
still,adj.,靜止的
still,adv.,仍然
stimulate,v.,刺激;激勵;使興奮;促使
stimulation,n.,刺激;興奮;激勵
stimulus,n.,刺激;刺激品;興奮劑
sting,v.,"刺,螫,叮"
sting,n.,螫針;刺
stingy,adj.,小氣的
stink,v.,發惡臭;名聲臭
stink,n.,臭氣
stir,v.,"攪拌,攪動"
stir,n.,"撥動,攪拌"
stitch,v.,縫;繡;編結
stitch,n.,一針;(縫合傷口的)針線;針法
stock,v.,給(商店)辦貨;貯存
stock,n.,(公司的)股票;存貨
stocking,n.,長襪
stomach,n.,胃
stone,v.,用石頭鋪;用磨刀石磨
stone,n.,石頭
stool,n.,凳子;擱腳凳;解大便
stoop,v.,屈身;彎腰駝背;屈尊
stoop,n.,彎腰;駝背;屈尊
stop,v.,停止
stop,n.,車站
storage,n.,貯藏;貯藏庫
store,v.,貯存;收存;供應;蓄有
store,n.,商店
storm,v.,猛攻
storm,n.,暴風雨
stormy,adj.,暴風雨的
story,n.,故事;樓層
stout,adj.,矮胖的;結實的;牢固的
stove,n.,爐灶
straight,adj.,直的
straight,adv.,"直,挺直地;正直地;立刻"
straight,n.,"直,挺直;(紙牌)五張順牌"
straighten,v.,把...弄直;澄清
straightforward,adj.,一直向前的;正直的;簡單易懂的
strain,v.,拉緊;伸張;竭力;扭傷;過濾
strain,n.,拉緊;張力;壓力;扭傷;血緣
strait,n.,海峽
strand,v.,使擱淺;處於困境
strand,n.,股;縷;絞;線;繩;串
strange,adj.,奇怪的
stranger,n.,陌生人
strangle,v.,勒死;扼住;悶住
strap,v.,用帶捆綁(或束住)
strap,n.,帶子;皮帶
strategic,adj.,戰略的
strategy,n.,"策略,計謀"
straw,n.,稻草;吸管
strawberry,n.,草莓
stray,adj.,迷路的;流浪的;零星的
stray,v.,迷路;流浪;分心;入歧途
stray,n.,迷路者;流浪者;走失的家畜
streak,v.,形成條紋;疾駛;閃現
streak,n.,條紋;斑紋;光線
stream,v.,流;蜂擁而進
stream,n.,溪流
street,n.,街道
strength,n.,"力量,力氣"
strengthen,v.,加強;增強
stress,v.,強調
stress,n.,壓力
stretch,v.,"舒展肢體,伸懶腰"
stretch,n.,伸直;伸出;伸長
strict,adj.,"嚴謹的,精確的"
stride,v.,邁大步走;跨越
stride,n.,闊步;步姿
strike,v.,打擊;(鐘)敲響
strike,n.,攻擊;罷工
string,v.,"(用線,繩)縛,紮,掛"
string,n.,線;細繩;帶子
strip,v.,"剝去,剝光"
strip,n.,"條,帶;脫衣舞"
stripe,n.,條紋;斑紋;線條
strive,v.,"努力,苦幹,奮鬥;反抗,鬥爭"
stroke,v.,畫短線於
stroke,n.,"中風;打,擊;(寫字,繪畫的)一筆"
stroll,v.,散步;溜達
stroll,n.,散步;閒逛
strong,adj.,強壯的
structural,adj.,建築上的;建築用的;結構上的
structure,v.,構造;組織;建造
structure,n.,結構;構造;建築物
struggle,v.,掙扎;對抗
struggle,n.,使勁;掙扎
stubborn,adj.,"倔強的,頑固的"
student,n.,學生
studio,n.,"工作室,畫室;雕塑室;照相館"
study,v.,學習;讀書
study,n.,書房
stuff,v.,裝;填;塞
stuff,n.,"材料,原料;物品"
stumble,v.,絆腳;絆倒;踉蹌
stumble,n.,絆倒;失足
stump,v.,砍去...的幹;作巡迴政治演說
stump,n.,殘幹;(鉛筆)頭;(煙)蒂
stun,v.,使昏迷;使大吃一驚
stunt,v.,表演絕技;妨礙
stunt,n.,絕技;噱頭;矮小的人(或樹)
stupid,adj.,笨的
sturdy,adj.,結實的;健康的;堅固的
stutter,v.,結結巴巴地說話
stutter,n.,結巴;口吃
style,v.,稱呼;命名;設計;使成為時髦
style,n.,時尚;風格;文體
stylish,adj.,時髦的;漂亮的
subject,n.,主題;學科
subjective,adj.,主觀的;個人的;主詞的
submarine,adj.,海底的
submarine,n.,潛艇
submit,v.,提交;呈遞;使服從
subordinate,adj.,下級的;次要的;從屬的
subordinate,v.,使居次要地位;使隸屬;使服從
subordinate,n.,部下;下級職員
subscribe,v.,訂閱;認捐;簽名
subscription,n.,訂閱費;會費;捐款;署名
subsequent,adj.,隨後的;接著發生的
substance,n.,物質;主旨;要義
substantial,adj.,大量的;實在的
substitute,v.,用...代替;代替
substitute,n.,代替物;代用品
substitution,n.,代替;代替物
subtle,adj.,微妙的;難捉摸的
subtract,v.,"減,減去"
suburb,n.,郊區
suburban,adj.,郊區的;近郊的
subway,n.,地鐵
succeed,v.,成功
success,n.,成功
successful,adj.,成功的
succession,n.,連續;一連串;繼承權
successive,adj.,連續的;後繼的;繼承的
successor,n.,繼任者;繼承人
such,adj.,如此的
suck,v.,"吸,吮,啜"
suck,n.,"吸吮,吸食;一口"
sudden,adj.,突然的
sudden,n.,突然發生的事
suffer,v.,遭受;經歷;受苦;患病
sufficient,adj.,"足夠的,充分的"
suffocate,v.,使窒息;扼制
sugar,v.,加糖於;粉飾
sugar,n.,糖
suggest,v.,建議
suggestion,n.,"建議,提議"
suicide,n.,"自殺,自殺行為"
suit,v.,適合;相稱;彼此協調
suit,n.,一套衣服;訴訟
suitable,adj.,適當的;合適的;適宜的
suitcase,n.,小型旅行箱;手提箱
suite,n.,套房;系列
sulfur,n.,硫(磺);硫磺色
sum,v.,計算...的總和
sum,n.,"總和,總計"
summarize,v.,"總結,概述,概括"
summary,n.,"總結,摘要"
summer,n.,夏天
summit,n.,頂峰;最高級會議
summon,v.,召喚
sun,v.,"曬,曝; 曬太陽"
sun,n.,太陽
Sunday,n.,星期日
sunny,adj.,晴朗的
super,adj.,超級的
super,adv.,很;極
superb,adj.,"宏偉的;華麗的; 上乘的,一流的"
superficial,adj.,外表的;粗略的;膚淺的
superior,adj.,"優秀的,上等的"
superior,n.,上司;長官
superiority,n.,優越;優勢;上級
supermarket,n.,超級市場
supersonic,adj.,超音波的;超音速的
superstition,n.,迷信
superstitious,adj.,迷信的
supervise,v.,監督;管理;指導
supervision,n.,管理;監督
supervisor,n.,管理人;指導者
supper,n.,晚餐
supplement,v.,增補;為...補編附錄
supplement,n.,增補;(書籍的)補遺;附錄
supply,v.,"供給,供應"
supply,n.,生活用品;補給品
support,v.,支持
support,n.,支持
suppose,v.,"猜想,以為;假定"
suppress,v.,鎮壓;壓制;抑制
supreme,adj.,"最高的,至上的"
sure,adj.,確定
sure,adv.,的確;一定;當然
surf,v.,衝浪;在網路或頻道上搜索資料
surf,n.,海浪
surface,v.,"顯露,呈現;起床,露面"
surface,n.,表面
surge,v.,(海浪)洶湧;激增
surge,n.,大浪;波濤
surgeon,n.,外科醫生
surgery,n.,(外科)手術
surpass,v.,勝過;大於;多於
surplus,adj.,過剩的;剩餘的
surplus,n.,過剩;剩餘物;盈餘
surprise,v.,使驚奇
surprise,n.,意外之事物
surrender,v.,"使投降,使自首"
surrender,n.,"投降,自首"
surround,v.,"圍,圍繞"
surroundings,n.,周圍的事物;周圍的情況
survey,v.,"測量,勘測"
survey,n.,調查;調查報告
survival,n.,倖存;殘存
survive,v.,在...之後仍然活著
survivor,n.,"倖存者,生還者"
suspect,adj.,可疑的;受到懷疑的;不可信的
suspect,v.,"疑有,察覺"
suspect,n.,嫌疑犯;可疑分子
suspend,v.,使中止
suspense,n.,掛慮;懸疑;暫時停止
suspension,n.,暫停;中止;停職
suspicion,n.,"懷疑,疑心,猜疑"
suspicious,adj.,"猜疑的,疑心的;多疑的"
sustain,v.,支撐;承受
swallow,v.,吞嚥
swallow,n.,吞嚥;燕子
swamp,v.,使陷入沼澤;淹沒;使陷入困境
swamp,n.,沼澤;沼澤地;困境
swan,n.,天鵝
swap,v.,交換;以...作交換
swap,n.,交換;交換的東西
swarm,v.,成群地移動(或飛行);擠滿
swarm,n.,(密集的)一大群
sway,v.,搖動;搖擺;影響
sway,n.,搖動;搖擺;影響
swear,v.,發誓;宣誓
sweat,v.,出汗
sweat,n.,"汗,汗水"
sweater,n.,毛衣
sweep,v.,掃
sweep,n.,掃除
sweet,adj.,甜的
sweet,n.,"(餐後的)甜點;(用作稱呼語)親愛的,寶貝"
swell,v.,"腫起,腫脹"
swell,n.,"鼓起,膨脹"
swift,adj.,"快速的,快捷的"
swim,v.,游泳
swim,n.,"游泳;暈眩,眼花;潮流"
swing,v.,搖擺;揮動
swing,n.,鞦韆;搖擺音樂
switch,v.,使轉換;為...轉接(電話)
switch,n.,"開關,電閘"
sword,n.,"劍,刀"
syllable,n.,音節
symbol,n.,符號;象徵
symbolic,adj.,象徵的;符號的
symbolize,v.,"象徵,標誌"
symmetry,n.,對稱(性)
sympathetic,adj.,同情的;有同情心的
sympathize,v.,同情;憐憫
sympathy,n.,"同情,同情心;弔唁"
symphony,n.,"交響樂,交響曲"
symptom,n.,"症狀,徵候"
synonym,n.,同義字;同物異名
synthetic,adj.,綜合(性)的;合成的;人造的
synthetic,n.,合成物;合成纖維
syrup,n.,糖漿
system,n.,系統
systematic,adj.,有系統的;成體系的
table,n.,"桌子;表,目錄"
table tennis,n.,乒乓球
tablet,n.,藥片;小片
tack,v.,用平頭釘釘
tack,n.,大頭釘;圖釘
tackle,v.,著手對付(或處理);擒抱並摔倒
tact,n.,老練;機智;得體
tactic,n.,戰術;策略;手法
tag,v.,給...加標籤
tag,n.,標籤
tail,v.,"尾隨;盯梢;變少,縮小"
tail,n.,尾巴
tailor,v.,做裁縫
tailor,n.,裁縫師
take,v.,拿;帶;採用
tale,n.,"故事,傳說;謊話"
talent,n.,天才
talk,v.,講話
talk,n.,談話;交談;空話;話題;談判
talkative,adj.,好說話的
tall,adj.,高的
tame,adj.,"經馴養的,馴服的"
tame,v.,馴化;使軟化
tan,adj.,鞣革的;棕褐色的
tan,v.,曬成棕褐色;鞣(皮)
tan,n.,棕褐色;曬成的棕褐膚色;鞣料
tangerine,n.,橘子
tangle,v.,使糾結;使混亂
tangle,n.,糾結;紛亂
tank,n.,槽;坦克
tap,n.,龍頭;竊聽器
tap,v.,"輕拍,輕叩"
tape,v.,用帶子捆紮;用錄音帶為...錄音(或影)
tape,n.,錄音帶;錄影帶;膠帶
tar,v.,塗焦油於;玷污;污辱
tar,n.,柏油;瀝青; 水手
target,v.,把...作為目標(或對象)
target,n.,目標
tariff,n.,關稅;稅率
tart,n.,水果餡餅;水果蛋糕
task,v.,派給...任務;要...做一項工作
task,n.,任務;工作
taste,v.,嘗
taste,n.,"味道,滋味;體驗;風雅;得體;興趣"
tasty,adj.,高雅的;大方的
taunt,v.,辱罵;嘲笑;奚落
taunt,n.,辱罵;嘲笑;被嘲笑的人
tavern,n.,小酒館;小客棧
tax,v.,向...課稅
tax,n.,稅;稅金
taxi,n.,計程車
taxicab,n.,計程車
tea,n.,茶
teach,v.,教
teacher,n.,老師
team,v.,使合作;結成一隊
team,n.,隊
tear,v.,撕
tear,n.,眼淚
tease,v.,逗弄;取笑;向...強求
tease,n.,戲弄;賣弄風騷的女孩
technical,adj.,"專門的,技術性的"
technician,n.,"技術人員,技師"
technique,n.,技巧;技術
technological,adj.,"技術(學)的,工藝(學)的"
technology,n.,工藝學;工藝
tedious,adj.,冗長乏味的;使人厭煩的
teen,n.,青少年
teenage,adj.,十幾歲的
teenager,n.,十幾歲孩子
telegram,n.,電報
telegraph,v.,用電報發送;電匯;電購
telegraph,n.,"電報,電信"
telephone,v.,"打電話,通電話"
telephone,n.,電話
telescope,n.,望遠鏡
television,n.,電視
tell,v.,告訴
teller,n.,敘述者;(銀行)出納員
temper,n.,情緒;脾氣;暴躁
temperament,n.,氣質;性情
temperature,n.,溫度
tempest,n.,暴風雨;暴風雪;騷動
temple,n.,廟宇;神殿
tempo,n.,速度;拍子
temporary,adj.,臨時的;暫時的
tempt,v.,引誘;誘惑
temptation,n.,引誘;誘惑;誘惑物
ten,adj.,十的
ten,n.,十
tenant,v.,"租,租賃;居住於"
tenant,n.,房客
tend,v.,走向;趨向;照料
tendency,n.,傾向;癖性
tender,adj.,溫柔的
tennis,n.,網球
tense,adj.,繃緊的
tense,v.,"使拉緊,使繃緊"
tension,n.,緊張;張力
tent,n.,帳篷
tentative,adj.,試驗性的;暫時性的;猶豫的
term,v.,"把...稱為,把...叫做"
term,n.,術語;學期
terminal,adj.,末端的;終點的
terminal,n.,終端機;接頭
terminate,v.,使結束;使終止;解雇
terrace,v.,使成梯形地
terrace,n.,大陽臺;露天階梯看臺;梯田
terrible,adj.,可怕的
terrific,adj.,非常好的;可怕的
terrify,v.,使害怕;使恐怖
territory,n.,"領土,版圖"
terror,n.,"恐怖,驚駭"
test,v.,試驗;測驗
test,n.,測驗;考試
text,n.,"正文,本文"
textbook,n.,教科書
textile,adj.,紡織的
textile,n.,紡織品;紡織原料
texture,v.,使...行成紋理
texture,n.,(織物的)結構;質地;紋理;肌理
than,prep.,比; 超過
than,conj.,比較
thank,v.,感謝
thank,n.,感謝;謝意;謝辭
thankful,adj.,"感謝的,感激的"
that,adj.,那;那個
that,adv.,"那樣,那麼"
that,conj.,以致
theater,n.,戲院;劇院
theatrical,adj.,劇場的;戲劇的;戲劇性的
theft,n.,"偷竊,盜竊"
theme,n.,主題思想;題材
then,adj.,當時的
then,adv.,當時;之後;那麼
then,n.,"那時,當時"
theoretical,adj.,理論的;非應用的;假設的
theory,n.,學說;論說
therapist,n.,治療技師或專家
therapy,n.,"治療,療法"
there,adv.,在那裡
there,n.,"那個地方,那裡"
thereafter,adv.,之後;以後
thereby,adv.,因此;由此
therefore,adv.,因此
thermometer,n.,溫度計;寒暑錶
these,adj.,這些 (this 的複數)
thick,adj.,粗的;厚的
thief,n.,小偷
thigh,n.,股;大腿
thin,adj.,瘦的
thing,n.,事物;東西
think,v.,想
third,adj.,第三
third,adv.,第三名
third,n.,第三;三分之一
thirst,n.,"渴,口渴"
thirsty,adj.,口渴的
thirteen,adj.,十三的
thirteen,n.,十三
thirty,adj.,三十的
thirty,n.,三十
this,adj.,這
this,adv.,"這麼,這樣地"
thorn,n.,刺;棘;惱人的事或人
thorough,adj.,徹底的;完全的
those,adj.,那些的;那
though,adv.,"(一般放在句尾)然而,還是"
though,conj.,雖然
thought,n.,思想
thoughtful,adj.,考慮周到的
thousand,adj.,千的
thousand,n.,千
thread,v.,"穿(針,線等)"
thread,n.,線
threat,n.,"威脅,恐嚇"
threaten,v.,"威脅,恐嚇"
threateningly,adv.,威脅地；脅迫地
three,adj.,三的
three,n.,三
threshold,n.,門檻;開端;起點
thrift,n.,節儉;繁茂;互助儲蓄銀行
thrifty,adj.,節儉的;茂盛的
thrill,v.,使興奮;使激動;使毛骨悚然;顫抖
thrill,n.,興奮;顫抖;引起激動的事物
thriller,n.,恐怖小說(或電影等)
thrive,v.,興旺;繁榮;茂盛生長
throat,n.,喉嚨
throb,v.,(心臟;脈搏等)跳動;抽動;抽痛
throb,n.,跳動;悸動;抽動;抽痛
throne,n.,王座;神座;君權;帝王
throng,v.,擠滿;湧入
throng,n.,人群;大群;群集
through,adv.,"穿過,通過;從頭至尾;(電話)接通"
through,prep.,經過
throughout,adv.,處處;始終;在所有方面
throughout,prep.,遍及
throw,v.,投;拋
throw,n.,投擲;披巾;(沙發等的)罩單
thrust,v.,用力推;刺;插
thrust,n.,猛推;刺;驅動力
thumb,v.,用拇指翻動;迅速翻閱;豎起拇指要求搭車
thumb,n.,拇指
thunder,v.,打雷;大聲斥責;威嚇
thunder,n.,雷
Thursday,n.,星期四
thus,adv.,"如此,這樣"
tick,v.,發滴答聲;責備
tick,n.,(鐘;錶等的)滴答聲;蝨
ticket,v.,加標籤於;開違規罰單
ticket,n.,票;罰單
tickle,v.,使發癢;逗...笑
tickle,n.,呵癢;癢感;使人癢的東西
tide,n.,潮汐;潮水
tidy,adj.,整潔的
tidy,v.,使整潔
tie,v.,綁;繫
tie,n.,結;領帶;平手
tiger,n.,老虎
tight,adj.,緊的
tight,adv.,牢牢地
tighten,v.,"變緊,繃緊"
tile,v.,鋪砌瓦(或瓷磚等)
tile,n.,瓦;瓷磚;地磚;(麻將等的)牌
till,prep.,直到
till,conj.,直到...為止
tilt,v.,使傾斜;使翹起;偏向
tilt,n.,傾斜;傾向
timber,n.,木材;樹林
time,v.,記錄...的時間;使合拍子
time,n.,時間;次數
timid,adj.,膽小的;羞怯的
tin,v.,把...裝罐
tin,n.,錫;罐頭
tiny,adj.,微小的
tip,v.,給小費;使傾斜
tip,n.,尖端;小費
tiptoe,v.,踮著腳
tiptoe,adv.,踮著腳
tiptoe,n.,腳趾尖
tire,v.,疲勞
tire,n.,輪胎
tiresome,adj.,令人厭倦的
tissue,n.,紙巾;面紙;(動植物的)組織[
title,v.,加標題於;授頭銜於
title,n.,標題;頭銜
to,prep.,到;向
toad,n.,蟾蜍;令人討厭的人
toast,v.,烤;乾杯
toast,n.,烤麵包片
tobacco,n.,菸草;煙葉
today,adv.,今天
today,n.,今天
toe,v.,用腳尖走(或站)
toe,n.,腳趾
tofu,n.,豆腐
together,adv.,一同
toil,v.,苦幹;艱難地行進
toil,n.,辛苦;勞累;苦工
toilet,n.,馬桶
token,n.,標誌;象徵;代價券;籌碼
tolerable,adj.,可忍受的;可容忍的
tolerance,n.,"寬容,寬大"
tolerant,adj.,"忍受的,容忍的"
tolerate,v.,忍受;寬恕;容許
toll,v.,徵收捐稅(或通行費等);敲鐘
toll,n.,通行費;長途電話費;傷亡人數;鐘聲
tomato,n.,番茄
tomb,n.,墓;墓碑
tomorrow,adv.,明天
tomorrow,n.,明天
ton,n.,噸
tone,n.,"音色,音調;色調"
tongue,v.,舔;用舌吹(管樂器);發(音)
tongue,n.,舌頭
tonight,adv.,今夜;今晚
tonight,n.,今夜;今晚
too,adv.,也是;過於
tool,v.,使用工具
tool,n.,工具
tooth,n.,牙齒
top,adj.,最高的
top,v.,向高處升;達到頂點;高出;超越
top,n.,頂部; 陀螺
topic,n.,論題;話題
topple,v.,使倒塌;推翻
torch,v.,如火炬般地燃燒
torch,n.,"火炬,火把"
torment,v.,使痛苦;折磨;煩擾
torment,n.,痛苦;苦惱;折磨
tornado,n.,龍捲風
torrent,n.,洪流;(話語的)連發;(感情的)狂潮
tortoise,n.,"陸龜;龜,烏龜"
torture,v.,拷打;拷問;折磨
torture,n.,拷打;酷刑;折磨
toss,v.,"拋,扔,投"
toss,n.,擲幣賭勝負
total,adj.,總的
total,v.,"總計,合計"
total,n.,總額
touch,v.,觸摸
touch,n.,"觸,碰;接觸;潤色;特長,才能;少許"
tough,adj.,"堅韌的,牢固的;頑固的;棘手的"
tour,v.,帶...作巡迴演出
tour,n.,旅行
tourism,n.,"旅遊,觀光"
tourist,n.,"旅遊者,觀光者"
tournament,n.,比賽;錦標賽
tow,v.,"拖,拉;牽引"
tow,n.,"拖,拉;牽引;拖輪;拖曳車"
toward,prep.,向;對
towards,prep.,"向,朝;面對;將近;大約"
towel,v.,用毛巾擦
towel,n.,毛巾
tower,v.,"高聳,屹立;勝過;高飛,翱翔"
tower,n.,塔
town,n.,城市
toxic,adj.,毒(性)的;有毒的
toy,v.,"玩弄,戲耍;調情,調戲"
toy,n.,玩具
trace,v.,追蹤;描繪
trace,n.,蹤跡
track,v.,跟蹤;沿著(道路)走
track,n.,行蹤;軌道
trade,v.,"交換; 做買賣,進行交易"
trade,n.,貿易
trademark,n.,商標
trader,n.,商人;交易人
tradition,n.,傳統
traditional,adj.,傳統的
traffic,v.,"在...上通行;交易,來來往往"
traffic,n.,交通
tragedy,n.,悲劇
tragic,adj.,"悲慘的,不幸的"
trail,v.,"拖,曳"
trail,n.,"拖曳物,尾部"
train,v.,"訓練,培養;瞄準; 接受訓練,鍛鍊"
train,n.,火車
trait,n.,特徵;特點;特性;少許
traitor,n.,叛徒;賣國賊;背叛者
tramp,v.,腳步沈重地行走;踐踏;流浪
tramp,n.,沈重的腳步聲;流浪;流浪者;蕩婦
trample,v.,踩;踐踏;蔑視
trample,n.,踐踏;蹂躪;踐踏聲
tranquil,adj.,平靜的;安靜的;安寧的
tranquilizer,n.,鎮定劑;精神安定劑
transaction,n.,辦理;處置;執行;交易
transcript,n.,抄本;謄本;成績報告單
transfer,v.,轉換;調動
transfer,n.,移交;轉讓
transform,v.,使改變;使轉化
transformation,n.,變化;轉變;變形;變質
transistor,n.,電晶體
transit,v.,通過;運送過
transit,n.,運輸;通過;公共交通系統;轉變
transition,n.,過渡;過渡時期;轉變
translate,v.,翻譯
translation,n.,譯文;譯本
translator,n.,譯者
transmission,n.,傳送;傳染;傳播;變速器;播送
transmit,v.,傳送;傳達;發射;播送;傳染
transparent,adj.,透明的;一目了然的;易懂的
transplant,v.,移植;移種
transplant,n.,移植
transport,v.,"運送,運輸"
transport,n.,交通工具
transportation,n.,運輸;輸送;交通車輛
trap,v.,設陷阱
trap,n.,陷阱;圈套
trash,v.,修剪(樹等)的枯枝殘葉;丟棄
trash,n.,垃圾
trauma,n.,外傷;傷口;(感情方面的)創傷
travel,v.,旅行
travel,n.,旅行
traveler,n.,旅客;遊客
tray,n.,"盤子,托盤"
tread,v.,踩;踏;步行
tread,n.,踩;踏;樓梯踏板;輪胎面;鞋底
treason,n.,叛國罪;謀反罪;叛國;背叛
treasure,v.,珍愛
treasure,n.,財寶
treasury,n.,金庫;庫房;國庫;寶庫
treat,v.,對待;治療
treat,n.,款待
treatment,n.,對待;待遇;治療法
treaty,n.,"條約,協定"
tree,n.,樹木
trek,v.,艱苦跋涉或移居
trek,n.,(長途而辛苦的)旅行或移居
tremble,v.,發抖;震顫
tremble,n.,"震顫,發抖"
tremendous,adj.,"巨大的;極度的,驚人的"
tremor,n.,震顫;顫抖
trench,v.,挖溝;挖戰壕
trench,n.,溝;溝渠;戰壕
trend,n.,"趨勢,傾向;時尚"
trespass,v.,擅自進入;侵入
trespass,n.,擅自進入;非法侵入
trial,n.,審判
triangle,n.,三角形
tribal,adj.,部落的;種族的
tribe,n.,部落;種族
tribute,n.,進貢;敬意;尊崇
trick,v.,欺騙
trick,n.,詭計;戲法;惡作劇
tricky,adj.,狡猾的;機警的
trifle,v.,戲弄;輕視
trifle,n.,瑣事;小玩意;乳脂鬆糕
trigger,v.,扣扳機開(槍);發射;觸發
trigger,n.,(槍砲的)扳機;觸發器
trim,adj.,整齊的;苗條的
trim,v.,修剪;修整;整理;削減
trim,n.,修剪;修整;鑲邊飾
trip,v.,"絆,絆倒;失足,犯錯誤;旅行"
trip,n.,旅行
triple,adj.,三倍的;三重的
triple,v.,使成三倍;三倍於
triple,n.,三倍數;三倍量;三個一組;三壘打
triumph,v.,獲得勝利
triumph,n.,勝利
triumphant,adj.,勝利的;得意洋洋的
trivial,adj.,瑣細的;平凡的
troop,v.,"群集,集合"
troop,n.,"軍隊,部隊"
trophy,n.,戰利品;獎品
tropic,adj.,熱帶的
tropic,n.,回歸線;熱帶
tropical,adj.,熱帶的
trot,v.,(馬等)小跑;(人)慢跑
trot,n.,(馬等的)小跑;(人的)慢跑
trouble,v.,麻煩;煩惱;費心
trouble,n.,麻煩
troublesome,adj.,"麻煩的,棘手的"
trousers,n.,長褲
trout,n.,鱒魚;鮭鱒魚
truant,adj.,逃學的;玩忽職守的
truant,v.,逃學;逃避責任;偷懶
truant,n.,逃學者;玩忽職守者
truce,n.,停戰;休戰協定
truck,v.,用卡車運送
truck,n.,卡車
trumpet,v.,吹喇叭
trumpet,n.,小喇叭
trunk,n.,樹幹;大血管
trust,v.,信任
trust,n.,"信任,信賴;託管,信託"
truth,n.,事實;真相
truthful,adj.,誠實的
try,v.,試做
try,n.,嘗試;努力
T-shirt,n.,短袖圓領運動衫
tub,n.,浴缸
tube,n.,管子
tuberculosis,n.,結核病
tuck,v.,把...塞進;使有褶襉
tuck,n.,(衣服等的)褶襉;打褶
Tuesday,n.,星期二
tug,v.,用力拉
tug,n.,"牽引,拖曳"
tug-of-war,n.,拔河
tuition,n.,學費
tulip,n.,鬱金香
tumble,v.,跌倒;滾下
tumble,n.,跌跤;墜落
tummy,n.,肚子
tumor,n.,腫瘤;腫塊
tuna,n.,鮪魚
tune,v.,為...調音
tune,n.,曲調;歌曲
tunnel,v.,挖掘隧道
tunnel,n.,隧道
turkey,n.,火雞
turmoil,n.,騷動;混亂
turn,v.,轉
turn,n.,輪到
turtle,n.,烏龜
tutor,v.,當家庭教師
tutor,n.,家庭教師
twelve,adj.,十二的
twelve,n.,十二
twenty,adj.,二十的
twenty,n.,二十
twice,adv.,兩次
twig,n.,細枝;嫩枝
twilight,n.,微明;薄暮;暮年;朦朧狀態
twin,n.,孿生兒
twinkle,v.,(星等)閃爍;閃耀
twinkle,n.,"閃爍,閃耀"
twist,v.,扭轉;扭彎
twist,n.,扭傷;曲解
two,adj.,二的
two,n.,二
type,v.,打字
type,n.,類型
typewriter,n.,打字機
typhoon,n.,颱風
typical,adj.,"典型的,有代表性的"
typist,n.,打字員
tyranny,n.,暴政;專制;暴虐
tyrant,n.,暴君;專橫的人
ugly,adj.,醜的
ulcer,n.,潰瘍
ultimate,adj.,最後的;最終的
ultimate,n.,最終的事物;終極
umbrella,n.,雨傘
umpire,v.,仲裁;當裁判
umpire,n.,仲裁人;(棒球等的)裁判員
unanimous,adj.,全體一致的
uncle,n.,叔叔
uncover,v.,揭開...的蓋子;揭露
under,adv.,"在下面,在下方;從屬地"
under,prep.,在…下面
underestimate,v.,低估
underestimate,n.,低估;估計不足
undergo,v.,經歷;接受(治療、檢查等)
undergraduate,n.,大學生;大學肄業生
underground,n.,地面下層;地下組織
underline,v.,劃線於...之下;強調
underline,n.,底線
undermine,v.,侵蝕...的基礎;暗中破壞
underneath,adj.,下面的;底層的
underneath,adv.,在下面;在底下
underneath,prep.,在...下面
underneath,n.,下面;底部
underpass,n.,地下通道
understand,v.,了解
understandable,adj.,可理解的;能懂的
undertake,v.,著手做;進行
underwear,n.,內衣
undo,v.,解開;脫去(衣服等);取消
undoubtedly,adv.,毫無疑問地;肯定地
unemployment,n.,失業;失業狀態
unfold,v.,展開;呈現
uniform,adj.,"相同的,一致的;不變的"
uniform,v.,使成一樣;使一律化
uniform,n.,制服
unify,v.,統一;聯合;使一致
union,n.,工會;結合
unique,adj.,獨特的
unique,n.,獨一無二的人(或事物)
unit,n.,單位;單元;組件
unite,v.,統一;使團結
unity,n.,整體;一貫性
universal,adj.,宇宙的;通用的
universal,n.,普通性;普遍現象
universe,n.,宇宙
university,n.,大學
unless,conj.,"如果不,除非"
unlock,v.,開鎖;開啟
unpack,v.,打開包裹(或行李等)
until,prep.,直到
until,conj.,直到...時
up,adj.,向上的;上行的
up,v.,提高;增加;舉起;突然站起
up,adv.,向上
up,prep.,向...上
up,n.,上升;走運
upbringing,n.,養育;教養
update,v.,使...合乎時代;更新
update,n.,最新的(信息、報導等);更新
upgrade,v.,上坡; 使升級
upgrade,n.,上坡;升級
uphold,v.,舉起;支撐;維護
upload,v.,[電腦]上載
upon,prep.,在...之上
upper,adj.,較高的
upright,adj.,挺直的;直立的;正直的
upright,adv.,挺直地;垂直地;豎著
upright,n.,垂直;豎立;直立的東西
upset,adj.,"心煩的,苦惱的"
upset,v.,使心煩意亂;翻倒;傾覆
upset,n.,翻倒;傾覆
upstairs,adj.,樓上的
upstairs,adv.,樓上地
upstairs,n.,樓上
upward,adj.,向上的;升高的
upward,adv.,向上;在上面;以上;超過
upwards,adv.,"向上地,朝上"
uranium,n.,鈾
urban,adj.,城市的
urge,v.,催促;力勸
urge,n.,強烈的慾望
urgency,n.,緊急;迫切;急事
urgent,adj.,"緊急的,急迫的"
urine,n.,尿
usage,n.,"使用,用法"
use,v.,利用
use,n.,用途
used,adj.,習慣於; 舊的;用舊了的
useful,adj.,有用的
user,n.,使用者
usher,v.,引領;迎接;當引座員
usher,n.,(劇場等的)引座員;接待員
usual,adj.,例常的
utensil,n.,器皿;用具
utility,n.,效用;實用;公用事業
utilize,v.,利用
utmost,adj.,最大的;最遠的;極度的
utmost,n.,極限;極度;最大可能
utter,adj.,徹底的;十足的;絕對的
utter,v.,發出(聲音等);說;講
vacancy,n.,空;空白;空房;空缺
vacant,adj.,空白的;(職位)空缺的
vacation,v.,度假
vacation,n.,假期
vaccine,n.,疫苗
vacuum,v.,吸塵
vacuum,n.,真空;空白;吸塵器
vague,adj.,(形狀等)模糊不清的;曖昧的
vain,adj.,愛虛榮的;徒然的
valiant,adj.,勇敢的;英勇的
valid,adj.,有根據的;有效的
validity,n.,確實;有效性
valley,n.,山谷
valuable,adj.,有價值的
value,v.,"估價,評價;尊重;重視"
value,n.,價值
van,n.,有蓋小貨車
vanilla,n.,香草精
vanish,v.,使不見;使消失
vanity,n.,自負;虛榮;梳妝臺
vapor,n.,水汽
variable,adj.,易變的;變異的
variable,n.,可變物;可變因素
variation,n.,變化;變異
variety,n.,"多樣化,變化"
various,adj.,各種各樣的;好幾個的
vary,v.,使不同;變更;呈多樣化
vase,n.,花瓶
vast,adj.,"廣闊的,浩瀚的;非常的"
vegetable,n.,蔬菜
vegetarian,n.,素食者
vegetation,n.,植被;草木
vehicle,n.,車輛;飛行器;傳播媒介;工具
veil,v.,用帷幕分隔;掩飾;戴面紗
veil,n.,面紗;帷幕;託詞
vein,n.,靜脈;(葉、翅、礦)脈;紋理
velvet,adj.,天鵝絨製的;柔軟光滑的
velvet,n.,天鵝絨;絲絨
vend,v.,出售;販賣
vendor,n.,小販
venture,v.,冒險;大膽行事
venture,n.,冒險;企業
verb,n.,動詞
verbal,adj.,言辭上的;動詞的
verbal,n.,準動詞
verge,v.,處在邊沿;瀕臨
verge,n.,邊沿;邊緣
versatile,adj.,多才多藝的;多功能的
verse,n.,詩;韻文
version,n.,譯文;版本
versus,prep.,(常略作v.或vs.)與...相對
vertical,adj.,垂直的;豎的
vertical,n.,垂直線;垂直面
very,adv.,很;非常
very,adj.,正是;恰好是;僅僅
vessel,n.,"船,艦;器皿;血管"
vest,n.,背心
vet,n.,獸醫; 老兵
veteran,n.,富有經驗的人;退役軍人
veterinarian,n.,獸醫
veto,v.,否決;反對
veto,n.,否決;否決權
via,prep.,經由;取道;憑藉
vibrate,v.,顫動;振動;震動
vibration,n.,顫動;振動;震動
vice,n.,惡;罪行;惡習
vice-president,n.,副(總統、校長、總裁等)
vicious,adj.,惡意的;惡毒的
victim,n.,受害者
victimize,v.,使犧牲;使痛苦
victor,n.,勝利者
victorious,adj.,勝利的
victory,n.,勝利
video,adj.,電視的;電視影像的;錄影的
video,n.,錄影機;錄影帶
videotape,v.,將(節目)錄到帶子上
videotape,n.,錄影帶;錄像帶
view,v.,察看;將...看成是
view,n.,視力;視野;看法
viewer,n.,觀看者;觀眾
vigor,n.,vigor
vigorous,adj.,精力充沛的
villa,n.,別墅;(城郊)住宅
village,n.,村落
villain,n.,壞人;反派角色
vine,n.,藤;藤蔓;葡萄樹
vinegar,n.,醋
vineyard,n.,葡萄園
violate,v.,違犯;擾亂
violation,n.,違反;違背
violence,n.,暴力行為
violent,adj.,暴力的
violet,adj.,紫色的
violet,n.,紫蘿蘭
violin,n.,小提琴
violinist,n.,小提琴手
virgin,adj.,未玷污的
virgin,n.,處女
virtual,adj.,實質上的;虛擬的
virtue,n.,美德;優點
virus,n.,病毒
visa,n.,簽證
visible,adj.,可看見的
vision,n.,視力;視覺;洞察力
visit,v.,訪問
visit,n.,訪問
visitor,n.,訪客
visual,adj.,視力的;光學的
visualize,v.,使顯現;使形象化
vital,adj.,充滿活力的;致命的
vitality,n.,活力;生命力
vitamin,n.,維他命
vivid,adj.,鮮豔的;生動的
vocabulary,n.,字彙
vocal,adj.,聲音的;用言語表達的
vocal,n.,母音;濁音;聲樂作品
vocation,n.,行業;天職
vocational,adj.,職業的
vogue,n.,風行;時髦事物(人物)
voice,v.,"(用言語)表達,說出"
voice,n.,(人的)聲音
volcano,n.,火山
volleyball,n.,排球
volume,n.,"卷,冊"
voluntary,adj.,自願的
volunteer,v.,自願(做)
volunteer,n.,"志願者,義工"
vomit,v.,嘔吐;使嘔吐
vomit,n.,嘔吐;嘔吐物
vote,v.,投票
vote,n.,"選舉,投票,表決"
voter,n.,選舉人;投票人
vow,v.,發誓要;鄭重宣告
vow,n.,誓言;誓約
vowel,n.,母音字母
voyage,v.,航行;旅行
voyage,n.,乘船旅遊; 空中旅行
vulgar,adj.,粗俗的;下流的
vulnerable,adj.,易受傷的;有弱點的
wade,v.,涉水而行;艱難地前進
wade,n.,跋涉;艱難的行走
wag,v.,搖;搖擺;搖尾巴
wag,n.,搖擺; 愛說笑打趣的人
wage,n.,薪水;報酬
wages,n.,代價;報償;工資總額
wagon,n.,運貨馬車
wail,v.,慟哭;(警笛等)尖嘯;哀訴
wail,n.,慟哭聲;哀訴
waist,n.,腰
wait,v.,等候
wait,n.,等待;等待的時間
waiter,n.,男服務生
waitress,n.,女服務生
wake,v.,叫醒
waken,v.,醒來;睡醒;喚醒
walk,v.,走路
walk,n.,散步;人行道;四壞球保送上一壘
wall,v.,用牆圍住
wall,n.,牆
wallet,n.,皮夾
walnut,n.,胡桃;胡桃色
wander,v.,漫遊;閒逛
wander,n.,遊蕩;徘徊
want,v.,想要
want,n.,需要的東西;必需品;缺乏;匱乏
war,v.,"戰爭,打仗;鬥爭;對抗"
war,n.,戰爭
ward,v.,避開;擋開
ward,n.,病房;牢房;行政區
wardrobe,n.,衣櫃;(個人的)全部服裝
ware,n.,(特定種類的)陶器;貨物
warehouse,v.,把...存入倉庫
warehouse,n.,倉庫;批發店
warfare,n.,戰爭;衝突;鬥爭
warm,adj.,溫暖的
warm,v.,使暖和
warm,n.,"暖和的地方;取暖,加熱"
warming,n.,暖和；加溫
warmth,n.,溫暖;親切;熱情
warn,v.,警告
warranty,n.,保證書;保單
warrior,n.,武士;戰士;勇士
wary,adj.,小心翼翼的;謹防的
wash,v.,洗
wash,n.,"洗,洗滌;要洗的(洗好的)衣服"
waste,v.,浪費
waste,n.,浪費
watch,v.,注意看
watch,n.,手錶
water,v.,給...澆水;加水稀釋;流口水
water,n.,水
waterfall,n.,瀑布
watermelon,n.,西瓜
waterproof,adj.,防水的
waterproof,v.,使不透水
watertight,adj.,不透水的;無懈可擊的
wave,v.,揮動
wave,n.,波浪
wax,v.,給...上蠟
wax,n.,蠟;蜂蠟;耳垢
way,n.,方法;路
weak,adj.,虛弱的
weaken,v.,"削弱,減弱"
wealth,n.,財富;大量
wealthy,adj.,富裕的;豐富的
weapon,n.,武器
wear,v.,"穿著, 磨損, 使力竭"
wear,n.,穿;戴;佩;磨損
weary,adj.,疲倦的;厭倦的
weary,v.,使疲倦;使厭煩
weather,v.,經受到;使風化;褪色;損壞
weather,n.,天氣
weave,v.,織;編
weave,n.,"織法,編法"
web,v.,(蜘蛛等)結網於;形成網狀
web,n.,蜘蛛網;網狀物
website,n.,網站
wed,v.,娶;嫁
wedding,n.,婚禮
Wednesday,n.,星期三
weed,v.,除掉(雜草)
weed,n.,雜草;野草
week,n.,星期
weekday,n.,工作日
weekend,v.,度週末
weekend,n.,周末
weekly,adj.,每週的;一週一次的
weekly,adv.,每週
weekly,n.,週刊;週報
weep,v.,"哭泣,流淚"
weep,n.,哭泣
weigh,v.,稱...的重量
weight,n.,重量
weird,adj.,怪誕的
welcome,adj.,受歡迎的;令人愉快的;被允許的
welcome,v.,歡迎
welcome,n.,"歡迎,款待;歡迎辭"
welfare,n.,福利;社會救濟
well,adj.,健康的
well,adv.,很好地;充分地
well,n.,"井,水井;採光井;通風井"
west,adj.,西方的
west,adv.,向西方
west,n.,西方
western,adj.,西方的
western,n.,西部地區的人
wet,adj.,潮溼的
wet,v.,"把...淋濕,打濕,弄濕;尿濕"
whale,n.,鯨魚
wharf,v.,靠碼頭
wharf,n.,碼頭;停泊處
what,adj.,"什麼;多麼,何等"
whatever,adj.,無論怎麼的
whatsoever,adj.,不管什麼樣的;無論怎麼的
wheat,n.,小麥
wheel,v.,"旋轉,轉動"
wheel,n.,輪子
wheelchair,n.,輪椅
when,adv.,何時
when,conj.,當...時;既然;然而
whenever,adv.,無論什麼時候
whenever,conj.,無論什麼時候;每當
where,adv.,在哪兒
where,conj.,在...處;到...的地方;...的地方
where,n.,"哪裡,何處; 地點"
whereabouts,adv.,在哪裡
whereabouts,n.,行蹤;下落
whereas,conj.,(常用在句首)反之;而
wherever,adv.,無論什麼地方
wherever,conj.,無論在哪裡
whether,conj.,是否
which,adj.,"哪一個,哪一些;這個,這些"
while,v.,"消磨(時光),輕鬆地度過"
while,conj.,當...的時候
while,n.,一會兒
whine,v.,發哀鳴聲;發牢騷
whine,n.,哀鳴聲;牢騷
whip,v.,"鞭笞,抽打"
whip,n.,抽打;拍擊
whirl,v.,旋轉;迴旋
whirl,n.,旋轉;迴旋
whisk,v.,撢;打(蛋等); 迅速移動
whisk,n.,撢;迅速移動;攪拌器
whiskey,n.,威士忌酒
whisky,n.,威士忌酒
whisper,v.,"低語,耳語"
whisper,n.,"傳聞,流言"
whistle,v.,吹口哨;鳴笛
whistle,n.,口哨;警笛
white,adj.,白色的
white,n.,白色
whole,adj.,完整的
whole,n.,"全部,全體;整體"
wholesale,adj.,批發的
wholesale,v.,以批發方式
wholesale,adv.,以批發方式;全部地
wholesale,n.,批發
wholesome,adj.,有益健康的;強健的
why,adv.,為什麼
why,n.,"原因,理由;難解的問題,謎"
wicked,adj.,缺德的;淘氣的;過分的
wide,adj.,"寬的,廣泛的"
wide,adv.,張得(或開得)很大地;充分地
wide,n.,"歪球,壞球"
widen,v.,加寬;擴大
widespread,adj.,分佈(或散佈)廣的
widow,v.,使成寡婦(或鰥夫)
widow,n.,寡婦
widower,n.,鰥夫
width,n.,寬度
wife,n.,妻子
wig,n.,假髮
wild,adj.,野生的;無法無天的
wild,adv.,狂暴地;無控制地;胡亂地
wild,n.,"荒野,荒地;未開發的地方"
wilderness,n.,"荒野,荒漠"
wildlife,n.,野生生物
will,v.,"將;願,要;能;願意"
will,v.,將
will,n.,意志;決心;遺囑
willing,adj.,"願意的,樂意的"
willow,n.,柳
win,v.,贏得
win,n.,"獲勝,成功,贏;贏得物"
wind,v.,"纏繞;包,裹;蜿蜒;迂迴"
wind,n.,風
window,n.,窗戶
windshield,n.,(汽車等的)擋風玻璃
windy,adj.,多風的
wine,v.,喝酒
wine,n.,葡萄酒
wing,v.,在...裝翼;飛行
wing,n.,翅膀
wink,v.,眨(眼)
wink,n.,眨眼;瞬間
winner,n.,贏家
winter,n.,冬天
wipe,v.,擦;揩乾
wipe,n.,"擦,揩"
wire,v.,用金屬絲縛;拍電報
wire,n.,金屬線
wisdom,n.,"智慧,才智;名言"
wise,adj.,有智慧的
wish,v.,祝福
wish,n.,"希望,願望;祝福,祈頌"
wit,n.,機智;風趣
witch,n.,"女巫,巫婆"
with,prep.,跟...在一起;有
withdraw,v.,提取;撤離
wither,v.,枯萎;凋謝
within,adv.,在內部
within,prep.,在…裡; 不超過
without,adv.,在沒有(或缺少)的情況下
without,prep.,沒有
withstand,v.,抵擋;反抗;禁得起
witness,v.,目擊;為...作證
witness,n.,目擊者;證詞;證據
witty,adj.,機智的;說話風趣的
wizard,n.,奇才;高手;男巫
woe,n.,悲哀;災難
wolf,n.,狼
woman,n.,女人
wonder,v.,納悶
wonder,n.,驚奇;奇觀
wonderful,adj.,很棒的;奇妙的
woo,v.,追求;追逐
wood,n.,木材
wooden,adj.,木製的;僵硬的;笨拙的
woodpecker,n.,啄木鳥
wool,n.,羊毛;毛織品
word,v.,用言詞表達
word,n.,字
work,v.,工作; 運轉
work,n.,"工作,作品"
worker,n.,工人
workshop,n.,作坊;研討會
world,n.,世界
worm,v.,蠕動;潛行;鑽入
worm,n.,蠕蟲
worry,v.,擔心
worry,n.,煩惱;焦慮;擔心
worse,adj.,"更壞的,更差的"
worse,adv.,"更壞,更糟,更厲害地"
worse,n.,更糟的事
worship,v.,崇拜;拜神;做禮拜
worship,n.,崇拜;敬神;禮拜
worst,adj.,最壞的;最差的
worst,v.,"最壞地,最惡劣地;最不利地"
worst,adv.,"最壞地,最惡劣地;最不利地"
worst,n.,最壞者;最壞的部分;最壞的情況
worth,prep.,值得(做...)
worth,n.,價值
worthwhile,adj.,值得花費時間(或金錢)的
worthy,adj.,值得的
wound,v.,傷害
wound,n.,傷口
wrap,v.,"包,裹"
wrap,n.,覆蓋物
wreath,n.,花圈;花冠
wreck,v.,遇難;受到破壞
wreck,n.,"(船等的)失事,遇難"
wrench,v.,猛扭;攫取;使痛苦
wrench,n.,猛扭;扳手;痛苦
wrestle,v.,與...摔角;與...搏鬥
wrestle,n.,摔角;角力;搏鬥
wring,v.,絞;擰;緊握
wring,n.,絞;擰;扭
wrinkle,v.,起皺紋
wrinkle,n.,皺;皺紋
wrist,n.,手腕
write,v.,寫
writer,n.,作家
wrong,adj.,錯誤的
wrong,v.,"冤枉,委屈;無禮地對待"
wrong,adv.,"錯誤地;邪惡地,不正當地"
wrong,n.,"錯誤;不道德;違法,犯罪;壞事"
xerox,v.,複印
Xerox,n.,複印件
Xmas,n.,耶誕節 (=Christmas)
x-ray,adj.,X光線的
x-ray,v.,用X光線檢查
X-ray,n.,X光照片
yacht,v.,駕快艇;乘遊艇
yacht,n.,快艇;遊艇
yam,n.,山芋類植物
yard,n.,庭院;碼(3英呎)
yarn,v.,講故事;長談
yarn,n.,紗;紗線;冒險故事
yawn,v.,打呵欠
yawn,n.,呵欠
yeah,adv.,是
year,n.,年
yearly,adj.,每年的;按年的
yearly,adv.,一年一度
yearn,v.,思念;渴望;嚮往
yeast,n.,酵母;酵母片
yell,v.,吼叫
yell,n.,叫喊;吼叫;歡呼
yellow,adj.,黃色的
yellow,v.,"使變黃,使發黃"
yellow,n.,黃色
yes,adv.,是
yes,n.,"肯定的回答,同意;贊成票"
yesterday,adv.,昨天
yesterday,n.,昨天;往昔
yet,adv.,尚未;但是
yet,conj.,然而
yield,v.,出產;使屈服;讓路
yield,n.,產量;利潤
yoga,n.,瑜珈
yogurt,n.,優格
yolk,n.,蛋黃
young,adj.,年輕的
young,n.,青年們;雛
youngster,n.,年輕人
youth,n.,青少年;青少年時代
youthful,adj.,年輕的;富青春活力的
yucky,adj.,討人厭的;噁心的
yummy,adj.,好吃的
zeal,n.,熱心;熱誠
zebra,n.,斑馬
zero,v.,把...調整歸零
zero,n.,零
zinc,n.,鋅
zip,v.,以尖嘯聲行進;拉開拉鍊
zip,n.,(子彈的)尖嘯聲;拉鍊;零
zipper,v.,拉上拉鍊
zipper,n.,拉鍊
zone,v.,劃出...為區
zone,n.,地區;時區;(地)層
zoo,n.,動物園
zoom,v.,發出嗡嗡聲;將畫面推近或拉遠
zoom,n.,嗡嗡聲;變焦攝影
FALSE,adj.,假的
TRUE,adj.,真實的;正確的
TRUE,v.,"配準,擺正"
TRUE,adv.,準確地;真實地